-- Generated by Craft v2.5.2762 on 9 Mar 2016 17:07:09.

--
-- Disable foreign key checks and autocommit.
--

SET FOREIGN_KEY_CHECKS = 0;
SET SQL_MODE = "NO_AUTO_VALUE_ON_ZERO";
SET AUTOCOMMIT = 0;
SET NAMES utf8;


DROP TABLE IF EXISTS `craft_assetfiles`;


--
-- Schema for table `craft_assetfiles`
--
CREATE TABLE `craft_assetfiles` (
  `id` int(11) NOT NULL,
  `sourceId` int(11) DEFAULT NULL,
  `folderId` int(11) NOT NULL,
  `filename` varchar(255) COLLATE utf8_unicode_ci NOT NULL,
  `kind` varchar(50) COLLATE utf8_unicode_ci NOT NULL DEFAULT 'unknown',
  `width` int(11) unsigned DEFAULT NULL,
  `height` int(11) unsigned DEFAULT NULL,
  `size` int(11) unsigned DEFAULT NULL,
  `dateModified` datetime DEFAULT NULL,
  `dateCreated` datetime NOT NULL,
  `dateUpdated` datetime NOT NULL,
  `uid` char(36) COLLATE utf8_unicode_ci NOT NULL DEFAULT '0',
  PRIMARY KEY (`id`),
  UNIQUE KEY `craft_assetfiles_filename_folderId_unq_idx` (`filename`,`folderId`),
  KEY `craft_assetfiles_sourceId_fk` (`sourceId`),
  KEY `craft_assetfiles_folderId_fk` (`folderId`)
) ENGINE=InnoDB DEFAULT CHARSET=utf8 COLLATE=utf8_unicode_ci;

--
-- Data for table `craft_assetfiles`
--

INSERT INTO `craft_assetfiles` (`id`, `sourceId`, `folderId`, `filename`, `kind`, `width`, `height`, `size`, `dateModified`, `dateCreated`, `dateUpdated`, `uid`) VALUES
 ('7', '1', '1', '56859aba233e3b58337fe75d_9287370881_fa46df0a9a_o.jpg', 'image', '2100', '1575', '1270297', '2016-02-17 20:35:29', '2016-02-17 20:35:29', '2016-02-17 20:35:29', '48933bef-34ce-4e93-96cf-51be2f769cde');



DROP TABLE IF EXISTS `craft_assetfolders`;


--
-- Schema for table `craft_assetfolders`
--
CREATE TABLE `craft_assetfolders` (
  `id` int(11) NOT NULL AUTO_INCREMENT,
  `parentId` int(11) DEFAULT NULL,
  `sourceId` int(11) DEFAULT NULL,
  `name` varchar(255) COLLATE utf8_unicode_ci NOT NULL,
  `path` varchar(255) COLLATE utf8_unicode_ci DEFAULT NULL,
  `dateCreated` datetime NOT NULL,
  `dateUpdated` datetime NOT NULL,
  `uid` char(36) COLLATE utf8_unicode_ci NOT NULL DEFAULT '0',
  PRIMARY KEY (`id`),
  UNIQUE KEY `craft_assetfolders_name_parentId_sourceId_unq_idx` (`name`,`parentId`,`sourceId`),
  KEY `craft_assetfolders_parentId_fk` (`parentId`),
  KEY `craft_assetfolders_sourceId_fk` (`sourceId`)
) ENGINE=InnoDB AUTO_INCREMENT=2 DEFAULT CHARSET=utf8 COLLATE=utf8_unicode_ci;

--
-- Data for table `craft_assetfolders`
--

INSERT INTO `craft_assetfolders` (`id`, `parentId`, `sourceId`, `name`, `path`, `dateCreated`, `dateUpdated`, `uid`) VALUES
 ('1', NULL, '1', 'Images', '', '2016-02-14 19:23:48', '2016-02-14 19:23:48', '5c02d499-444c-4871-b525-86ca910288a6');



DROP TABLE IF EXISTS `craft_assetindexdata`;


--
-- Schema for table `craft_assetindexdata`
--
CREATE TABLE `craft_assetindexdata` (
  `id` int(11) NOT NULL AUTO_INCREMENT,
  `sessionId` varchar(36) COLLATE utf8_unicode_ci NOT NULL DEFAULT '',
  `sourceId` int(10) NOT NULL,
  `offset` int(10) NOT NULL,
  `uri` varchar(255) COLLATE utf8_unicode_ci DEFAULT NULL,
  `size` int(10) DEFAULT NULL,
  `recordId` int(10) DEFAULT NULL,
  `dateCreated` datetime NOT NULL,
  `dateUpdated` datetime NOT NULL,
  `uid` char(36) COLLATE utf8_unicode_ci NOT NULL DEFAULT '0',
  PRIMARY KEY (`id`),
  UNIQUE KEY `craft_assetindexdata_sessionId_sourceId_offset_unq_idx` (`sessionId`,`sourceId`,`offset`),
  KEY `craft_assetindexdata_sourceId_fk` (`sourceId`)
) ENGINE=InnoDB DEFAULT CHARSET=utf8 COLLATE=utf8_unicode_ci;

DROP TABLE IF EXISTS `craft_assetsources`;


--
-- Schema for table `craft_assetsources`
--
CREATE TABLE `craft_assetsources` (
  `id` int(11) NOT NULL AUTO_INCREMENT,
  `name` varchar(255) COLLATE utf8_unicode_ci NOT NULL,
  `handle` varchar(255) COLLATE utf8_unicode_ci NOT NULL,
  `type` varchar(150) COLLATE utf8_unicode_ci NOT NULL,
  `settings` text COLLATE utf8_unicode_ci,
  `sortOrder` tinyint(4) DEFAULT NULL,
  `fieldLayoutId` int(10) DEFAULT NULL,
  `dateCreated` datetime NOT NULL,
  `dateUpdated` datetime NOT NULL,
  `uid` char(36) COLLATE utf8_unicode_ci NOT NULL DEFAULT '0',
  PRIMARY KEY (`id`),
  UNIQUE KEY `craft_assetsources_name_unq_idx` (`name`),
  UNIQUE KEY `craft_assetsources_handle_unq_idx` (`handle`),
  KEY `craft_assetsources_fieldLayoutId_fk` (`fieldLayoutId`)
) ENGINE=InnoDB AUTO_INCREMENT=2 DEFAULT CHARSET=utf8 COLLATE=utf8_unicode_ci;

--
-- Data for table `craft_assetsources`
--

INSERT INTO `craft_assetsources` (`id`, `name`, `handle`, `type`, `settings`, `sortOrder`, `fieldLayoutId`, `dateCreated`, `dateUpdated`, `uid`) VALUES
 ('1', 'Images', 'images', 'Local', '{\"path\":\"images\\/\",\"url\":\"{siteUrl)\\/\"}', '1', '16', '2016-02-14 19:23:48', '2016-02-17 20:35:13', 'cd3dcc2a-4a86-451d-8b69-19b576bc7310');



DROP TABLE IF EXISTS `craft_assettransformindex`;


--
-- Schema for table `craft_assettransformindex`
--
CREATE TABLE `craft_assettransformindex` (
  `id` int(11) NOT NULL AUTO_INCREMENT,
  `fileId` int(11) NOT NULL,
  `filename` varchar(255) COLLATE utf8_unicode_ci DEFAULT NULL,
  `format` varchar(255) COLLATE utf8_unicode_ci DEFAULT NULL,
  `location` varchar(255) COLLATE utf8_unicode_ci NOT NULL,
  `sourceId` int(11) DEFAULT NULL,
  `fileExists` tinyint(1) DEFAULT NULL,
  `inProgress` tinyint(1) DEFAULT NULL,
  `dateIndexed` datetime DEFAULT NULL,
  `dateCreated` datetime NOT NULL,
  `dateUpdated` datetime NOT NULL,
  `uid` char(36) COLLATE utf8_unicode_ci NOT NULL DEFAULT '0',
  PRIMARY KEY (`id`),
  KEY `craft_assettransformindex_sourceId_fileId_location_idx` (`sourceId`,`fileId`,`location`)
) ENGINE=InnoDB DEFAULT CHARSET=utf8 COLLATE=utf8_unicode_ci;

DROP TABLE IF EXISTS `craft_assettransforms`;


--
-- Schema for table `craft_assettransforms`
--
CREATE TABLE `craft_assettransforms` (
  `id` int(11) NOT NULL AUTO_INCREMENT,
  `name` varchar(255) COLLATE utf8_unicode_ci NOT NULL,
  `handle` varchar(255) COLLATE utf8_unicode_ci NOT NULL,
  `mode` enum('stretch','fit','crop') COLLATE utf8_unicode_ci NOT NULL DEFAULT 'crop',
  `position` enum('top-left','top-center','top-right','center-left','center-center','center-right','bottom-left','bottom-center','bottom-right') COLLATE utf8_unicode_ci NOT NULL DEFAULT 'center-center',
  `height` int(10) DEFAULT NULL,
  `width` int(10) DEFAULT NULL,
  `format` varchar(255) COLLATE utf8_unicode_ci DEFAULT NULL,
  `quality` int(10) DEFAULT NULL,
  `dimensionChangeTime` datetime DEFAULT NULL,
  `dateCreated` datetime NOT NULL,
  `dateUpdated` datetime NOT NULL,
  `uid` char(36) COLLATE utf8_unicode_ci NOT NULL DEFAULT '0',
  PRIMARY KEY (`id`),
  UNIQUE KEY `craft_assettransforms_name_unq_idx` (`name`),
  UNIQUE KEY `craft_assettransforms_handle_unq_idx` (`handle`)
) ENGINE=InnoDB DEFAULT CHARSET=utf8 COLLATE=utf8_unicode_ci;

DROP TABLE IF EXISTS `craft_categories`;


--
-- Schema for table `craft_categories`
--
CREATE TABLE `craft_categories` (
  `id` int(11) NOT NULL,
  `groupId` int(11) NOT NULL,
  `dateCreated` datetime NOT NULL,
  `dateUpdated` datetime NOT NULL,
  `uid` char(36) COLLATE utf8_unicode_ci NOT NULL DEFAULT '0',
  PRIMARY KEY (`id`),
  KEY `craft_categories_groupId_fk` (`groupId`)
) ENGINE=InnoDB DEFAULT CHARSET=utf8 COLLATE=utf8_unicode_ci;

--
-- Data for table `craft_categories`
--

INSERT INTO `craft_categories` (`id`, `groupId`, `dateCreated`, `dateUpdated`, `uid`) VALUES
 ('3', '1', '2016-02-14 19:26:24', '2016-02-14 19:47:18', '7ab101c6-a9c3-4a59-8723-2bb7186df2a1'),
 ('5', '1', '2016-02-14 19:30:09', '2016-02-14 19:30:11', '23837b65-ff53-4fc9-94b5-58ffe1d5b0bb');



DROP TABLE IF EXISTS `craft_categorygroups`;


--
-- Schema for table `craft_categorygroups`
--
CREATE TABLE `craft_categorygroups` (
  `id` int(11) NOT NULL AUTO_INCREMENT,
  `structureId` int(11) NOT NULL,
  `fieldLayoutId` int(11) DEFAULT NULL,
  `name` varchar(255) COLLATE utf8_unicode_ci NOT NULL,
  `handle` varchar(255) COLLATE utf8_unicode_ci NOT NULL,
  `hasUrls` tinyint(1) unsigned NOT NULL DEFAULT '1',
  `template` varchar(500) COLLATE utf8_unicode_ci DEFAULT NULL,
  `dateCreated` datetime NOT NULL,
  `dateUpdated` datetime NOT NULL,
  `uid` char(36) COLLATE utf8_unicode_ci NOT NULL DEFAULT '0',
  PRIMARY KEY (`id`),
  UNIQUE KEY `craft_categorygroups_name_unq_idx` (`name`),
  UNIQUE KEY `craft_categorygroups_handle_unq_idx` (`handle`),
  KEY `craft_categorygroups_structureId_fk` (`structureId`),
  KEY `craft_categorygroups_fieldLayoutId_fk` (`fieldLayoutId`)
) ENGINE=InnoDB AUTO_INCREMENT=2 DEFAULT CHARSET=utf8 COLLATE=utf8_unicode_ci;

--
-- Data for table `craft_categorygroups`
--

INSERT INTO `craft_categorygroups` (`id`, `structureId`, `fieldLayoutId`, `name`, `handle`, `hasUrls`, `template`, `dateCreated`, `dateUpdated`, `uid`) VALUES
 ('1', '1', '12', 'Subjects', 'subjects', '1', 'subjects', '2016-02-14 19:26:07', '2016-02-14 19:26:07', '7577fbf6-876f-4799-a45f-d5755f53236f');



DROP TABLE IF EXISTS `craft_categorygroups_i18n`;


--
-- Schema for table `craft_categorygroups_i18n`
--
CREATE TABLE `craft_categorygroups_i18n` (
  `id` int(11) NOT NULL AUTO_INCREMENT,
  `groupId` int(11) NOT NULL,
  `locale` char(12) COLLATE utf8_unicode_ci NOT NULL,
  `urlFormat` text COLLATE utf8_unicode_ci,
  `nestedUrlFormat` text COLLATE utf8_unicode_ci,
  `dateCreated` datetime NOT NULL,
  `dateUpdated` datetime NOT NULL,
  `uid` char(36) COLLATE utf8_unicode_ci NOT NULL DEFAULT '0',
  PRIMARY KEY (`id`),
  UNIQUE KEY `craft_categorygroups_i18n_groupId_locale_unq_idx` (`groupId`,`locale`),
  KEY `craft_categorygroups_i18n_locale_fk` (`locale`)
) ENGINE=InnoDB AUTO_INCREMENT=2 DEFAULT CHARSET=utf8 COLLATE=utf8_unicode_ci;

--
-- Data for table `craft_categorygroups_i18n`
--

INSERT INTO `craft_categorygroups_i18n` (`id`, `groupId`, `locale`, `urlFormat`, `nestedUrlFormat`, `dateCreated`, `dateUpdated`, `uid`) VALUES
 ('1', '1', 'en_gb', '{slug}', '{parent.uri}/{slug}', '2016-02-14 19:26:07', '2016-02-14 19:26:07', 'b6fbc665-c0a6-4e51-9ee3-9acc505a627d');



DROP TABLE IF EXISTS `craft_content`;


--
-- Schema for table `craft_content`
--
CREATE TABLE `craft_content` (
  `id` int(11) NOT NULL AUTO_INCREMENT,
  `elementId` int(11) NOT NULL,
  `locale` char(12) COLLATE utf8_unicode_ci NOT NULL,
  `title` varchar(255) COLLATE utf8_unicode_ci DEFAULT NULL,
  `field_body` text COLLATE utf8_unicode_ci,
  `field_summary` text COLLATE utf8_unicode_ci,
  `dateCreated` datetime NOT NULL,
  `dateUpdated` datetime NOT NULL,
  `uid` char(36) COLLATE utf8_unicode_ci NOT NULL DEFAULT '0',
  PRIMARY KEY (`id`),
  UNIQUE KEY `craft_content_elementId_locale_unq_idx` (`elementId`,`locale`),
  KEY `craft_content_title_idx` (`title`),
  KEY `craft_content_locale_fk` (`locale`)
) ENGINE=InnoDB AUTO_INCREMENT=10 DEFAULT CHARSET=utf8 COLLATE=utf8_unicode_ci;

--
-- Data for table `craft_content`
--

INSERT INTO `craft_content` (`id`, `elementId`, `locale`, `title`, `field_body`, `field_summary`, `dateCreated`, `dateUpdated`, `uid`) VALUES
 ('1', '1', 'en_gb', NULL, NULL, NULL, '2016-02-12 18:56:02', '2016-02-12 18:56:02', '5d7fe3d6-a43a-4efa-b387-30698be07972'),
 ('2', '2', 'en_gb', 'Homepage', '<p>This is a test. What do you think?</p>', NULL, '2016-02-12 18:56:03', '2016-02-14 19:18:14', 'd1f0da21-66a4-4cd3-80fa-1ae53e907166'),
 ('3', '3', 'en_gb', 'Geography', NULL, NULL, '2016-02-14 19:26:24', '2016-02-14 19:47:18', 'b42ccc10-f3e5-4053-9bc3-93896a9645b0'),
 ('4', '5', 'en_gb', 'Rebranding Places', NULL, NULL, '2016-02-14 19:30:09', '2016-02-14 19:30:11', 'a9c8ccb8-53c7-46b2-8762-b2057cb0c8e6'),
 ('5', '7', 'en_gb', '56859Aba233E3B58337Fe75D 9287370881 Fa46Df0A9A O', NULL, NULL, '2016-02-17 20:35:29', '2016-02-17 20:35:29', '1eea4b58-2b97-46b2-ada1-f3e2e7716fa9'),
 ('7', '9', 'en_gb', 'This is a test.', NULL, '', '2016-02-17 20:45:50', '2016-03-01 20:59:59', '1e21b3ba-3802-4de0-b2ee-3a433a6cea2a'),
 ('8', '11', 'en_gb', 'Welcome. This is a test.', NULL, '', '2016-02-29 22:09:20', '2016-02-29 22:09:20', '16880a30-ed1a-44bd-b26b-fbe590ced010'),
 ('9', '12', 'en_gb', 'Welcome. This is a test-2', NULL, '', '2016-02-29 22:09:34', '2016-03-03 20:37:16', '17231033-cb12-44de-bf32-9ca1a517a389');



DROP TABLE IF EXISTS `craft_deprecationerrors`;


--
-- Schema for table `craft_deprecationerrors`
--
CREATE TABLE `craft_deprecationerrors` (
  `id` int(11) NOT NULL AUTO_INCREMENT,
  `key` varchar(255) COLLATE utf8_unicode_ci NOT NULL,
  `fingerprint` varchar(255) COLLATE utf8_unicode_ci NOT NULL,
  `lastOccurrence` datetime NOT NULL,
  `file` varchar(255) COLLATE utf8_unicode_ci NOT NULL,
  `line` smallint(6) unsigned NOT NULL,
  `class` varchar(255) COLLATE utf8_unicode_ci DEFAULT NULL,
  `method` varchar(255) COLLATE utf8_unicode_ci DEFAULT NULL,
  `template` varchar(255) COLLATE utf8_unicode_ci DEFAULT NULL,
  `templateLine` smallint(6) unsigned DEFAULT NULL,
  `message` varchar(255) COLLATE utf8_unicode_ci DEFAULT NULL,
  `traces` text COLLATE utf8_unicode_ci,
  `dateCreated` datetime NOT NULL,
  `dateUpdated` datetime NOT NULL,
  `uid` char(36) COLLATE utf8_unicode_ci NOT NULL DEFAULT '0',
  PRIMARY KEY (`id`),
  UNIQUE KEY `craft_deprecationerrors_key_fingerprint_unq_idx` (`key`,`fingerprint`)
) ENGINE=InnoDB DEFAULT CHARSET=utf8 COLLATE=utf8_unicode_ci;

DROP TABLE IF EXISTS `craft_elementindexsettings`;


--
-- Schema for table `craft_elementindexsettings`
--
CREATE TABLE `craft_elementindexsettings` (
  `id` int(11) NOT NULL AUTO_INCREMENT,
  `type` varchar(150) COLLATE utf8_unicode_ci NOT NULL,
  `settings` text COLLATE utf8_unicode_ci,
  `dateCreated` datetime NOT NULL,
  `dateUpdated` datetime NOT NULL,
  `uid` char(36) COLLATE utf8_unicode_ci NOT NULL DEFAULT '0',
  PRIMARY KEY (`id`),
  UNIQUE KEY `craft_elementindexsettings_type_unq_idx` (`type`)
) ENGINE=InnoDB DEFAULT CHARSET=utf8 COLLATE=utf8_unicode_ci;

DROP TABLE IF EXISTS `craft_elements`;


--
-- Schema for table `craft_elements`
--
CREATE TABLE `craft_elements` (
  `id` int(11) NOT NULL AUTO_INCREMENT,
  `type` varchar(150) COLLATE utf8_unicode_ci NOT NULL,
  `enabled` tinyint(1) unsigned NOT NULL DEFAULT '1',
  `archived` tinyint(1) unsigned NOT NULL DEFAULT '0',
  `dateCreated` datetime NOT NULL,
  `dateUpdated` datetime NOT NULL,
  `uid` char(36) COLLATE utf8_unicode_ci NOT NULL DEFAULT '0',
  PRIMARY KEY (`id`),
  KEY `craft_elements_type_idx` (`type`),
  KEY `craft_elements_enabled_idx` (`enabled`),
  KEY `craft_elements_archived_dateCreated_idx` (`archived`,`dateCreated`)
) ENGINE=InnoDB AUTO_INCREMENT=14 DEFAULT CHARSET=utf8 COLLATE=utf8_unicode_ci;

--
-- Data for table `craft_elements`
--

INSERT INTO `craft_elements` (`id`, `type`, `enabled`, `archived`, `dateCreated`, `dateUpdated`, `uid`) VALUES
 ('1', 'User', '1', '0', '2016-02-12 18:56:02', '2016-02-12 18:56:02', 'c65bb74c-de03-405d-8837-5c40aa5b0ae6'),
 ('2', 'Entry', '1', '0', '2016-02-12 18:56:03', '2016-02-14 19:18:14', '4623ba6c-5c6c-4b42-acb1-90bb6697a982'),
 ('3', 'Category', '1', '0', '2016-02-14 19:26:24', '2016-02-14 19:47:18', '92aaa628-5867-4df1-95a3-efb1d71e834a'),
 ('4', 'MatrixBlock', '1', '0', '2016-02-14 19:26:24', '2016-02-14 19:47:18', '78d86c2d-93ee-477a-9dc3-ac83b207a445'),
 ('5', 'Category', '1', '0', '2016-02-14 19:30:09', '2016-02-14 19:30:11', '65e20050-9fb2-413c-9af3-e22dfba5b1d9'),
 ('6', 'MatrixBlock', '1', '0', '2016-02-14 19:47:18', '2016-02-14 19:47:18', 'acd62363-1c5a-40eb-a153-d0d58b625f07'),
 ('7', 'Asset', '1', '0', '2016-02-17 20:35:29', '2016-02-17 20:35:29', 'd29a01a7-9682-401f-a7de-eec3ea2a7ef2'),
 ('9', 'Entry', '1', '0', '2016-02-17 20:45:50', '2016-03-01 20:59:59', 'abdc4d39-4d60-4a83-baf1-37ecad4cef31'),
 ('10', 'MatrixBlock', '1', '0', '2016-02-17 20:45:50', '2016-03-01 20:59:59', '868cb240-82d6-4e43-833d-5881669bf920'),
 ('11', 'Entry', '1', '0', '2016-02-29 22:09:20', '2016-02-29 22:09:20', '8a42b3b1-4f7c-4905-b92c-6fdee8bf6048'),
 ('12', 'Entry', '1', '0', '2016-02-29 22:09:34', '2016-03-03 20:37:16', '8908df7f-5a44-4556-8085-7e8301c1aa7f'),
 ('13', 'MatrixBlock', '1', '0', '2016-03-03 20:37:16', '2016-03-03 20:37:16', '7a67d33a-fe09-420b-9f82-dd46d575bbbc');



DROP TABLE IF EXISTS `craft_elements_i18n`;


--
-- Schema for table `craft_elements_i18n`
--
CREATE TABLE `craft_elements_i18n` (
  `id` int(11) NOT NULL AUTO_INCREMENT,
  `elementId` int(11) NOT NULL,
  `locale` char(12) COLLATE utf8_unicode_ci NOT NULL,
  `slug` varchar(255) COLLATE utf8_unicode_ci DEFAULT NULL,
  `uri` varchar(255) COLLATE utf8_unicode_ci DEFAULT NULL,
  `enabled` tinyint(1) unsigned NOT NULL DEFAULT '1',
  `dateCreated` datetime NOT NULL,
  `dateUpdated` datetime NOT NULL,
  `uid` char(36) COLLATE utf8_unicode_ci NOT NULL DEFAULT '0',
  PRIMARY KEY (`id`),
  UNIQUE KEY `craft_elements_i18n_elementId_locale_unq_idx` (`elementId`,`locale`),
  UNIQUE KEY `craft_elements_i18n_uri_locale_unq_idx` (`uri`,`locale`),
  KEY `craft_elements_i18n_slug_locale_idx` (`slug`,`locale`),
  KEY `craft_elements_i18n_enabled_idx` (`enabled`),
  KEY `craft_elements_i18n_locale_fk` (`locale`)
) ENGINE=InnoDB AUTO_INCREMENT=13 DEFAULT CHARSET=utf8 COLLATE=utf8_unicode_ci;

--
-- Data for table `craft_elements_i18n`
--

INSERT INTO `craft_elements_i18n` (`id`, `elementId`, `locale`, `slug`, `uri`, `enabled`, `dateCreated`, `dateUpdated`, `uid`) VALUES
 ('1', '1', 'en_gb', '', NULL, '1', '2016-02-12 18:56:02', '2016-02-12 18:56:02', 'cfade6c3-dfaf-4fb0-bbf5-033cf6d7b5f7'),
 ('2', '2', 'en_gb', 'homepage', '__home__', '1', '2016-02-12 18:56:03', '2016-02-14 19:18:14', '3e27bf1d-ce0b-4651-93d9-80ebf5bbae66'),
 ('3', '3', 'en_gb', 'geography', 'geography', '1', '2016-02-14 19:26:24', '2016-02-14 19:47:18', '21cd4163-d7b6-4488-b1e1-6f734a224728'),
 ('4', '4', 'en_gb', '', NULL, '1', '2016-02-14 19:26:24', '2016-02-14 19:47:18', 'd8577d90-664a-404a-962c-01740af80ded'),
 ('5', '5', 'en_gb', 'rebranding-places', 'geography/rebranding-places', '1', '2016-02-14 19:30:09', '2016-02-14 19:47:18', '380f0126-47b5-4f3f-aaf1-80f6b905d607'),
 ('6', '6', 'en_gb', '', NULL, '1', '2016-02-14 19:47:18', '2016-02-14 19:47:18', '3938b08b-bac9-4ba7-8850-d3b320f76cfc'),
 ('7', '7', 'en_gb', '56859aba233e3b58337fe75d-9287370881-fa46df0a9a-o', NULL, '1', '2016-02-17 20:35:29', '2016-02-17 20:35:29', '79edda8a-7072-4d2c-b4cb-e1d0c4327159'),
 ('8', '9', 'en_gb', 'this-is-a-test', 'geography/this-is-a-test', '1', '2016-02-17 20:45:50', '2016-03-01 20:59:59', '3647159e-be66-4a9c-92f5-7d6edba2c665'),
 ('9', '10', 'en_gb', '', NULL, '1', '2016-02-17 20:45:50', '2016-03-01 20:59:59', '0d0fe0b8-35ba-422a-8389-a723bc21d599'),
 ('10', '11', 'en_gb', 'welcome-this-is-a-test', 'geography/welcome-this-is-a-test', '1', '2016-02-29 22:09:20', '2016-02-29 22:09:20', 'd4e738f5-8d16-4868-ab54-624d74fa5d27'),
 ('11', '12', 'en_gb', 'welcome-this-is-a-test-2', 'geography/welcome-this-is-a-test-2', '1', '2016-02-29 22:09:34', '2016-03-03 20:37:16', 'f6f2a385-0225-4856-a36a-d31f949eefd7'),
 ('12', '13', 'en_gb', '', NULL, '1', '2016-03-03 20:37:16', '2016-03-03 20:37:16', '0633a421-0e9e-40c7-a07d-1758c24cd8a2');



DROP TABLE IF EXISTS `craft_emailmessages`;


--
-- Schema for table `craft_emailmessages`
--
CREATE TABLE `craft_emailmessages` (
  `id` int(11) NOT NULL AUTO_INCREMENT,
  `key` char(150) COLLATE utf8_unicode_ci NOT NULL,
  `locale` char(12) COLLATE utf8_unicode_ci NOT NULL,
  `subject` varchar(1000) COLLATE utf8_unicode_ci NOT NULL,
  `body` text COLLATE utf8_unicode_ci NOT NULL,
  `dateCreated` datetime NOT NULL,
  `dateUpdated` datetime NOT NULL,
  `uid` char(36) COLLATE utf8_unicode_ci NOT NULL DEFAULT '0',
  PRIMARY KEY (`id`),
  UNIQUE KEY `craft_emailmessages_key_locale_unq_idx` (`key`,`locale`),
  KEY `craft_emailmessages_locale_fk` (`locale`)
) ENGINE=InnoDB DEFAULT CHARSET=utf8 COLLATE=utf8_unicode_ci;

DROP TABLE IF EXISTS `craft_entries`;


--
-- Schema for table `craft_entries`
--
CREATE TABLE `craft_entries` (
  `id` int(11) NOT NULL,
  `sectionId` int(11) NOT NULL,
  `typeId` int(11) DEFAULT NULL,
  `authorId` int(11) DEFAULT NULL,
  `postDate` datetime DEFAULT NULL,
  `expiryDate` datetime DEFAULT NULL,
  `dateCreated` datetime NOT NULL,
  `dateUpdated` datetime NOT NULL,
  `uid` char(36) COLLATE utf8_unicode_ci NOT NULL DEFAULT '0',
  PRIMARY KEY (`id`),
  KEY `craft_entries_sectionId_idx` (`sectionId`),
  KEY `craft_entries_typeId_idx` (`typeId`),
  KEY `craft_entries_postDate_idx` (`postDate`),
  KEY `craft_entries_expiryDate_idx` (`expiryDate`),
  KEY `craft_entries_authorId_fk` (`authorId`)
) ENGINE=InnoDB DEFAULT CHARSET=utf8 COLLATE=utf8_unicode_ci;

--
-- Data for table `craft_entries`
--

INSERT INTO `craft_entries` (`id`, `sectionId`, `typeId`, `authorId`, `postDate`, `expiryDate`, `dateCreated`, `dateUpdated`, `uid`) VALUES
 ('2', '1', NULL, NULL, '2016-02-12 18:56:03', NULL, '2016-02-12 18:56:03', '2016-02-14 19:18:14', '94d5ce27-d1bd-4b8f-a308-5aa0c17d7f18'),
 ('9', '2', '2', '1', '2016-02-17 20:45:00', NULL, '2016-02-17 20:45:50', '2016-03-01 20:59:59', '6a2290aa-1979-4849-b641-065b9c67baad'),
 ('11', '2', '2', '1', '2016-02-29 22:09:20', NULL, '2016-02-29 22:09:20', '2016-02-29 22:09:20', 'ca616cbd-5529-4d33-ab6a-7cb6984d7685'),
 ('12', '2', '2', '1', '2016-02-29 22:09:00', NULL, '2016-02-29 22:09:34', '2016-03-03 20:37:16', 'b9eab1bc-b91f-4a20-94e8-f9a27bce79c9');



DROP TABLE IF EXISTS `craft_entrydrafts`;


--
-- Schema for table `craft_entrydrafts`
--
CREATE TABLE `craft_entrydrafts` (
  `id` int(11) NOT NULL AUTO_INCREMENT,
  `entryId` int(11) NOT NULL,
  `sectionId` int(11) NOT NULL,
  `creatorId` int(11) NOT NULL,
  `locale` char(12) COLLATE utf8_unicode_ci NOT NULL,
  `name` varchar(255) COLLATE utf8_unicode_ci NOT NULL,
  `notes` tinytext COLLATE utf8_unicode_ci,
  `data` mediumtext COLLATE utf8_unicode_ci NOT NULL,
  `dateCreated` datetime NOT NULL,
  `dateUpdated` datetime NOT NULL,
  `uid` char(36) COLLATE utf8_unicode_ci NOT NULL DEFAULT '0',
  PRIMARY KEY (`id`),
  KEY `craft_entrydrafts_entryId_locale_idx` (`entryId`,`locale`),
  KEY `craft_entrydrafts_sectionId_fk` (`sectionId`),
  KEY `craft_entrydrafts_creatorId_fk` (`creatorId`),
  KEY `craft_entrydrafts_locale_fk` (`locale`)
) ENGINE=InnoDB DEFAULT CHARSET=utf8 COLLATE=utf8_unicode_ci;

DROP TABLE IF EXISTS `craft_entrytypes`;


--
-- Schema for table `craft_entrytypes`
--
CREATE TABLE `craft_entrytypes` (
  `id` int(11) NOT NULL AUTO_INCREMENT,
  `sectionId` int(11) NOT NULL,
  `fieldLayoutId` int(11) DEFAULT NULL,
  `name` varchar(255) COLLATE utf8_unicode_ci NOT NULL,
  `handle` varchar(255) COLLATE utf8_unicode_ci NOT NULL,
  `hasTitleField` tinyint(1) unsigned NOT NULL DEFAULT '1',
  `titleLabel` varchar(255) COLLATE utf8_unicode_ci DEFAULT 'Title',
  `titleFormat` varchar(255) COLLATE utf8_unicode_ci DEFAULT NULL,
  `sortOrder` tinyint(4) DEFAULT NULL,
  `dateCreated` datetime NOT NULL,
  `dateUpdated` datetime NOT NULL,
  `uid` char(36) COLLATE utf8_unicode_ci NOT NULL DEFAULT '0',
  PRIMARY KEY (`id`),
  UNIQUE KEY `craft_entrytypes_name_sectionId_unq_idx` (`name`,`sectionId`),
  UNIQUE KEY `craft_entrytypes_handle_sectionId_unq_idx` (`handle`,`sectionId`),
  KEY `craft_entrytypes_sectionId_fk` (`sectionId`),
  KEY `craft_entrytypes_fieldLayoutId_fk` (`fieldLayoutId`)
) ENGINE=InnoDB AUTO_INCREMENT=3 DEFAULT CHARSET=utf8 COLLATE=utf8_unicode_ci;

--
-- Data for table `craft_entrytypes`
--

INSERT INTO `craft_entrytypes` (`id`, `sectionId`, `fieldLayoutId`, `name`, `handle`, `hasTitleField`, `titleLabel`, `titleFormat`, `sortOrder`, `dateCreated`, `dateUpdated`, `uid`) VALUES
 ('1', '1', '3', 'Homepage', 'homepage', '1', 'Title', NULL, NULL, '2016-02-12 18:56:03', '2016-02-12 18:56:03', '38ffe28f-664f-4062-8398-f9a5f443b754'),
 ('2', '2', '25', 'Articles', 'articles', '1', 'Title', NULL, NULL, '2016-02-14 19:29:41', '2016-02-19 15:30:38', 'b6099103-fe8c-4c04-921c-01d3a10342a6');



DROP TABLE IF EXISTS `craft_entryversions`;


--
-- Schema for table `craft_entryversions`
--
CREATE TABLE `craft_entryversions` (
  `id` int(11) NOT NULL AUTO_INCREMENT,
  `entryId` int(11) NOT NULL,
  `sectionId` int(11) NOT NULL,
  `creatorId` int(11) DEFAULT NULL,
  `locale` char(12) COLLATE utf8_unicode_ci NOT NULL,
  `num` smallint(6) unsigned NOT NULL,
  `notes` tinytext COLLATE utf8_unicode_ci,
  `data` mediumtext COLLATE utf8_unicode_ci NOT NULL,
  `dateCreated` datetime NOT NULL,
  `dateUpdated` datetime NOT NULL,
  `uid` char(36) COLLATE utf8_unicode_ci NOT NULL DEFAULT '0',
  PRIMARY KEY (`id`),
  KEY `craft_entryversions_entryId_locale_idx` (`entryId`,`locale`),
  KEY `craft_entryversions_sectionId_fk` (`sectionId`),
  KEY `craft_entryversions_creatorId_fk` (`creatorId`),
  KEY `craft_entryversions_locale_fk` (`locale`)
) ENGINE=InnoDB AUTO_INCREMENT=9 DEFAULT CHARSET=utf8 COLLATE=utf8_unicode_ci;

--
-- Data for table `craft_entryversions`
--

INSERT INTO `craft_entryversions` (`id`, `entryId`, `sectionId`, `creatorId`, `locale`, `num`, `notes`, `data`, `dateCreated`, `dateUpdated`, `uid`) VALUES
 ('1', '2', '1', '1', 'en_gb', '1', NULL, '{\"typeId\":\"1\",\"authorId\":null,\"title\":\"Homepage\",\"slug\":\"homepage\",\"postDate\":1455303363,\"expiryDate\":null,\"enabled\":1,\"parentId\":null,\"fields\":[]}', '2016-02-12 18:56:03', '2016-02-12 18:56:03', '7dbb4220-099b-403f-a1f0-065ae7e174f0'),
 ('2', '2', '1', '1', 'en_gb', '2', '', '{\"typeId\":null,\"authorId\":null,\"title\":\"Homepage\",\"slug\":\"homepage\",\"postDate\":1455303363,\"expiryDate\":null,\"enabled\":1,\"parentId\":null,\"fields\":{\"1\":\"<p>This is a test. What do you think?<\\/p>\"}}', '2016-02-14 19:18:14', '2016-02-14 19:18:14', '6fd35198-1c79-46db-bcc5-01771a6ddcf3'),
 ('3', '9', '2', '1', 'en_gb', '1', '', '{\"typeId\":null,\"authorId\":\"1\",\"title\":\"This is a test.\",\"slug\":\"this-is-a-test\",\"postDate\":1455741950,\"expiryDate\":null,\"enabled\":1,\"parentId\":null,\"fields\":{\"3\":{\"new1\":{\"type\":\"text\",\"enabled\":\"1\",\"fields\":{\"text\":\"<ul><li>This is a test.&nbsp;<\\/li><\\/ul>\"}}},\"12\":[\"7\"],\"13\":[\"3\"],\"14\":[\"3\",\"5\"]}}', '2016-02-17 20:45:50', '2016-02-17 20:45:50', '7d645c80-8d68-4e82-a180-913a5ce17f77'),
 ('4', '9', '2', '1', 'en_gb', '2', '', '{\"typeId\":\"2\",\"authorId\":\"1\",\"title\":\"This is a test.\",\"slug\":\"this-is-a-test\",\"postDate\":1455741900,\"expiryDate\":null,\"enabled\":1,\"parentId\":null,\"fields\":{\"3\":{\"10\":{\"type\":\"text\",\"enabled\":\"1\",\"fields\":{\"text\":\"<ul><li>This is a test.&nbsp;<\\/li><\\/ul><p><br><\\/p><p>Testing<\\/p>\"}}},\"12\":[\"7\"],\"13\":[\"3\"],\"14\":[\"3\",\"5\"]}}', '2016-02-17 20:46:45', '2016-02-17 20:46:45', 'f231e61b-dcb7-47b2-932d-7784f06b6a20'),
 ('5', '11', '2', '1', 'en_gb', '1', '', '{\"typeId\":null,\"authorId\":\"1\",\"title\":\"Welcome. This is a test.\",\"slug\":\"welcome-this-is-a-test\",\"postDate\":1456783760,\"expiryDate\":null,\"enabled\":1,\"parentId\":null,\"fields\":{\"3\":\"\",\"12\":\"\",\"13\":[\"3\"],\"16\":\"\",\"14\":[\"3\",\"5\"]}}', '2016-02-29 22:09:20', '2016-02-29 22:09:20', '79feef49-6e24-4bdf-ae4f-770755a99a7b'),
 ('6', '12', '2', '1', 'en_gb', '1', '', '{\"typeId\":null,\"authorId\":\"1\",\"title\":\"Welcome. This is a test-2\",\"slug\":\"welcome-this-is-a-test-2\",\"postDate\":1456783774,\"expiryDate\":null,\"enabled\":1,\"parentId\":null,\"fields\":{\"3\":\"\",\"12\":\"\",\"13\":[\"3\"],\"16\":\"\",\"14\":[\"3\",\"5\"]}}', '2016-02-29 22:09:34', '2016-02-29 22:09:34', '678c1a85-9a8f-4d59-84d3-e2761eb6c473'),
 ('7', '9', '2', '1', 'en_gb', '3', '', '{\"typeId\":\"2\",\"authorId\":\"1\",\"title\":\"This is a test.\",\"slug\":\"this-is-a-test\",\"postDate\":1455741900,\"expiryDate\":null,\"enabled\":1,\"parentId\":null,\"fields\":{\"3\":{\"10\":{\"type\":\"text\",\"enabled\":\"1\",\"fields\":{\"text\":\"<h1>This is a test.<\\/h1><h3>Small heading<\\/h3><ul><li>Test<\\/li><li>Test<\\/li><li>Test 3<\\/li><\\/ul>\"}}},\"12\":[\"7\"],\"13\":[\"3\"],\"16\":\"\",\"14\":[\"3\",\"5\"]}}', '2016-03-01 20:59:59', '2016-03-01 20:59:59', '5ab3e41f-81d4-4f5a-9fc5-16e468c7f112'),
 ('8', '12', '2', '1', 'en_gb', '2', '', '{\"typeId\":\"2\",\"authorId\":\"1\",\"title\":\"Welcome. This is a test-2\",\"slug\":\"welcome-this-is-a-test-2\",\"postDate\":1456783740,\"expiryDate\":null,\"enabled\":1,\"parentId\":null,\"fields\":{\"3\":{\"new2\":{\"type\":\"text\",\"enabled\":\"1\",\"fields\":{\"text\":\"<p>asdasddas<\\/p><h2>This is a test<\\/h2><p>asdoijasiodjawdijosaiosaisudhaisudhiasduh<\\/p><h3>This is a test<\\/h3><p>asdijasdiuhasdiuh<\\/p><p><br><\\/p>\"}}},\"12\":\"\",\"13\":[\"3\"],\"16\":\"\",\"14\":[\"3\",\"5\"]}}', '2016-03-03 20:37:16', '2016-03-03 20:37:16', 'af351d0e-ad93-4e75-b199-d2aaaf490a4a');



DROP TABLE IF EXISTS `craft_fieldgroups`;


--
-- Schema for table `craft_fieldgroups`
--
CREATE TABLE `craft_fieldgroups` (
  `id` int(11) NOT NULL AUTO_INCREMENT,
  `name` varchar(255) COLLATE utf8_unicode_ci NOT NULL,
  `dateCreated` datetime NOT NULL,
  `dateUpdated` datetime NOT NULL,
  `uid` char(36) COLLATE utf8_unicode_ci NOT NULL DEFAULT '0',
  PRIMARY KEY (`id`),
  UNIQUE KEY `craft_fieldgroups_name_unq_idx` (`name`)
) ENGINE=InnoDB AUTO_INCREMENT=2 DEFAULT CHARSET=utf8 COLLATE=utf8_unicode_ci;

--
-- Data for table `craft_fieldgroups`
--

INSERT INTO `craft_fieldgroups` (`id`, `name`, `dateCreated`, `dateUpdated`, `uid`) VALUES
 ('1', 'Default', '2016-02-12 18:56:03', '2016-02-12 18:56:03', 'b223cc75-763d-432d-953d-472b7a93b856');



DROP TABLE IF EXISTS `craft_fieldlayoutfields`;


--
-- Schema for table `craft_fieldlayoutfields`
--
CREATE TABLE `craft_fieldlayoutfields` (
  `id` int(11) NOT NULL AUTO_INCREMENT,
  `layoutId` int(11) NOT NULL,
  `tabId` int(11) NOT NULL,
  `fieldId` int(11) NOT NULL,
  `required` tinyint(1) unsigned NOT NULL DEFAULT '0',
  `sortOrder` tinyint(4) DEFAULT NULL,
  `dateCreated` datetime NOT NULL,
  `dateUpdated` datetime NOT NULL,
  `uid` char(36) COLLATE utf8_unicode_ci NOT NULL DEFAULT '0',
  PRIMARY KEY (`id`),
  UNIQUE KEY `craft_fieldlayoutfields_layoutId_fieldId_unq_idx` (`layoutId`,`fieldId`),
  KEY `craft_fieldlayoutfields_sortOrder_idx` (`sortOrder`),
  KEY `craft_fieldlayoutfields_tabId_fk` (`tabId`),
  KEY `craft_fieldlayoutfields_fieldId_fk` (`fieldId`)
) ENGINE=InnoDB AUTO_INCREMENT=34 DEFAULT CHARSET=utf8 COLLATE=utf8_unicode_ci;

--
-- Data for table `craft_fieldlayoutfields`
--

INSERT INTO `craft_fieldlayoutfields` (`id`, `layoutId`, `tabId`, `fieldId`, `required`, `sortOrder`, `dateCreated`, `dateUpdated`, `uid`) VALUES
 ('1', '3', '1', '1', '1', '1', '2016-02-12 18:56:03', '2016-02-12 18:56:03', '85708f04-ec71-4d34-a363-11a364fbecf4'),
 ('9', '10', '7', '9', '0', '1', '2016-02-14 19:25:04', '2016-02-14 19:25:04', '0ebf1258-191b-411c-9c62-25df49ce9cc3'),
 ('10', '11', '8', '10', '0', '1', '2016-02-14 19:25:04', '2016-02-14 19:25:04', '1cbe5f9e-53ab-4b26-ab24-780e3b0820eb'),
 ('11', '11', '8', '11', '0', '2', '2016-02-14 19:25:04', '2016-02-14 19:25:04', 'b284854d-f0dc-4ded-8a8f-b0a75c5e9ddb'),
 ('12', '12', '9', '8', '0', '1', '2016-02-14 19:26:07', '2016-02-14 19:26:07', '87106da7-0ccf-41fc-9b74-ec88190594db'),
 ('24', '21', '16', '4', '0', '1', '2016-02-17 20:48:39', '2016-02-17 20:48:39', 'e2af76ac-b096-4b56-85a6-41194c138010'),
 ('25', '22', '17', '7', '0', '1', '2016-02-17 20:48:39', '2016-02-17 20:48:39', '02fd4c25-38c6-4e75-9aa6-14d2add67fe0'),
 ('26', '23', '18', '5', '0', '1', '2016-02-17 20:48:39', '2016-02-17 20:48:39', '24240ef2-5d7a-4d28-9def-ea68350f1136'),
 ('27', '23', '18', '6', '0', '2', '2016-02-17 20:48:39', '2016-02-17 20:48:39', 'f9c51f1a-23d5-4e6c-8917-d74e6d9e8048'),
 ('28', '24', '19', '15', '0', '1', '2016-02-17 20:48:39', '2016-02-17 20:48:39', 'a85957fa-ca73-459a-937d-4ac70a7658aa'),
 ('29', '25', '20', '3', '0', '1', '2016-02-19 15:30:38', '2016-02-19 15:30:38', '36fc3721-2e52-48cb-9797-397856813391'),
 ('30', '25', '20', '12', '0', '2', '2016-02-19 15:30:38', '2016-02-19 15:30:38', 'b342b7a0-3d13-4d43-8291-257aa9e2d186'),
 ('31', '25', '20', '13', '0', '3', '2016-02-19 15:30:38', '2016-02-19 15:30:38', 'b88439ce-d0b7-41a1-a57c-24ed68321d33'),
 ('32', '25', '20', '14', '0', '4', '2016-02-19 15:30:38', '2016-02-19 15:30:38', 'cea177ba-806e-440a-b443-33f3e8920be8'),
 ('33', '25', '20', '16', '0', '5', '2016-02-19 15:30:38', '2016-02-19 15:30:38', '41e5da4e-e29d-48c1-ba73-9339329ecaee');



DROP TABLE IF EXISTS `craft_fieldlayouts`;


--
-- Schema for table `craft_fieldlayouts`
--
CREATE TABLE `craft_fieldlayouts` (
  `id` int(11) NOT NULL AUTO_INCREMENT,
  `type` varchar(150) COLLATE utf8_unicode_ci NOT NULL,
  `dateCreated` datetime NOT NULL,
  `dateUpdated` datetime NOT NULL,
  `uid` char(36) COLLATE utf8_unicode_ci NOT NULL DEFAULT '0',
  PRIMARY KEY (`id`),
  KEY `craft_fieldlayouts_type_idx` (`type`)
) ENGINE=InnoDB AUTO_INCREMENT=26 DEFAULT CHARSET=utf8 COLLATE=utf8_unicode_ci;

--
-- Data for table `craft_fieldlayouts`
--

INSERT INTO `craft_fieldlayouts` (`id`, `type`, `dateCreated`, `dateUpdated`, `uid`) VALUES
 ('1', 'Tag', '2016-02-12 18:56:03', '2016-02-12 18:56:03', 'f1c4d60a-d2b6-48c3-aa05-12618934a6f4'),
 ('3', 'Entry', '2016-02-12 18:56:03', '2016-02-12 18:56:03', '57419566-6923-4b22-92b3-f62f5e310786'),
 ('10', 'MatrixBlock', '2016-02-14 19:25:04', '2016-02-14 19:25:04', '38d7cbb3-1567-403c-9128-7b2b38f8d709'),
 ('11', 'MatrixBlock', '2016-02-14 19:25:04', '2016-02-14 19:25:04', 'efa52c36-64fe-4698-8cef-aaaa58fbceea'),
 ('12', 'Category', '2016-02-14 19:26:07', '2016-02-14 19:26:07', '200ac959-5f76-4bda-9a91-e0ea766a6436'),
 ('16', 'Asset', '2016-02-17 20:35:13', '2016-02-17 20:35:13', 'b98b58f9-5425-44aa-92c7-f9f3dd72c749'),
 ('21', 'MatrixBlock', '2016-02-17 20:48:39', '2016-02-17 20:48:39', 'debfa713-5162-483e-afa4-aaf70afc31f1'),
 ('22', 'MatrixBlock', '2016-02-17 20:48:39', '2016-02-17 20:48:39', '73871083-f355-4865-b841-8b0f220d09a0'),
 ('23', 'MatrixBlock', '2016-02-17 20:48:39', '2016-02-17 20:48:39', '8b413978-34c2-409c-9ed1-e7953d2957be'),
 ('24', 'MatrixBlock', '2016-02-17 20:48:39', '2016-02-17 20:48:39', '03a9274f-a825-415f-bf3e-9d6fa4fe9a7d'),
 ('25', 'Entry', '2016-02-19 15:30:38', '2016-02-19 15:30:38', '89adaa41-3d5c-4937-a734-1f1de06c009e');



DROP TABLE IF EXISTS `craft_fieldlayouttabs`;


--
-- Schema for table `craft_fieldlayouttabs`
--
CREATE TABLE `craft_fieldlayouttabs` (
  `id` int(11) NOT NULL AUTO_INCREMENT,
  `layoutId` int(11) NOT NULL,
  `name` varchar(255) COLLATE utf8_unicode_ci NOT NULL,
  `sortOrder` tinyint(4) DEFAULT NULL,
  `dateCreated` datetime NOT NULL,
  `dateUpdated` datetime NOT NULL,
  `uid` char(36) COLLATE utf8_unicode_ci NOT NULL DEFAULT '0',
  PRIMARY KEY (`id`),
  KEY `craft_fieldlayouttabs_sortOrder_idx` (`sortOrder`),
  KEY `craft_fieldlayouttabs_layoutId_fk` (`layoutId`)
) ENGINE=InnoDB AUTO_INCREMENT=21 DEFAULT CHARSET=utf8 COLLATE=utf8_unicode_ci;

--
-- Data for table `craft_fieldlayouttabs`
--

INSERT INTO `craft_fieldlayouttabs` (`id`, `layoutId`, `name`, `sortOrder`, `dateCreated`, `dateUpdated`, `uid`) VALUES
 ('1', '3', 'Content', '1', '2016-02-12 18:56:03', '2016-02-12 18:56:03', 'dfcfc8cb-f551-4253-b05c-bc520855e1ce'),
 ('7', '10', 'Content', '1', '2016-02-14 19:25:04', '2016-02-14 19:25:04', '58834ea0-066f-47fc-8495-ab2699dc9756'),
 ('8', '11', 'Content', '1', '2016-02-14 19:25:04', '2016-02-14 19:25:04', '7a213ad3-6856-4660-9938-bd88d6a00a1e'),
 ('9', '12', 'Tab 1', '1', '2016-02-14 19:26:07', '2016-02-14 19:26:07', 'e49cf2f3-41cb-4dac-8fbf-81a176dfe32d'),
 ('16', '21', 'Content', '1', '2016-02-17 20:48:39', '2016-02-17 20:48:39', 'c7325f18-5034-4681-86d8-ecbd34d7d193'),
 ('17', '22', 'Content', '1', '2016-02-17 20:48:39', '2016-02-17 20:48:39', 'a5e79160-9cc8-4ce4-a3db-02260acaa355'),
 ('18', '23', 'Content', '1', '2016-02-17 20:48:39', '2016-02-17 20:48:39', '6dda16f7-1565-49f6-a7fb-295b52f2ec36'),
 ('19', '24', 'Content', '1', '2016-02-17 20:48:39', '2016-02-17 20:48:39', '9152b828-caa0-4a1c-be5b-a196945ee469'),
 ('20', '25', 'Tab 1', '1', '2016-02-19 15:30:38', '2016-02-19 15:30:38', 'e8123bbe-2b15-40f4-8534-b172064d784c');



DROP TABLE IF EXISTS `craft_fields`;


--
-- Schema for table `craft_fields`
--
CREATE TABLE `craft_fields` (
  `id` int(11) NOT NULL AUTO_INCREMENT,
  `groupId` int(11) DEFAULT NULL,
  `name` varchar(255) COLLATE utf8_unicode_ci NOT NULL,
  `handle` varchar(58) COLLATE utf8_unicode_ci NOT NULL,
  `context` varchar(255) COLLATE utf8_unicode_ci NOT NULL DEFAULT 'global',
  `instructions` text COLLATE utf8_unicode_ci,
  `translatable` tinyint(1) unsigned NOT NULL DEFAULT '0',
  `type` varchar(150) COLLATE utf8_unicode_ci NOT NULL,
  `settings` text COLLATE utf8_unicode_ci,
  `dateCreated` datetime NOT NULL,
  `dateUpdated` datetime NOT NULL,
  `uid` char(36) COLLATE utf8_unicode_ci NOT NULL DEFAULT '0',
  PRIMARY KEY (`id`),
  UNIQUE KEY `craft_fields_handle_context_unq_idx` (`handle`,`context`),
  KEY `craft_fields_context_idx` (`context`),
  KEY `craft_fields_groupId_fk` (`groupId`)
) ENGINE=InnoDB AUTO_INCREMENT=17 DEFAULT CHARSET=utf8 COLLATE=utf8_unicode_ci;

--
-- Data for table `craft_fields`
--

INSERT INTO `craft_fields` (`id`, `groupId`, `name`, `handle`, `context`, `instructions`, `translatable`, `type`, `settings`, `dateCreated`, `dateUpdated`, `uid`) VALUES
 ('1', '1', 'Body', 'body', 'global', NULL, '1', 'RichText', '{\"configFile\":\"Standard.json\",\"columnType\":\"text\"}', '2016-02-12 18:56:03', '2016-02-12 18:56:03', '202ecdd7-550e-4fe3-890f-8235b6887619'),
 ('2', '1', 'Tags', 'tags', 'global', NULL, '0', 'Tags', '{\"source\":\"taggroup:1\"}', '2016-02-12 18:56:03', '2016-02-12 18:56:03', 'e9ac3ff1-69b3-492d-a941-d6054e98f9fb'),
 ('3', '1', 'Article Body', 'articleBody', 'global', '', '0', 'Matrix', '{\"maxBlocks\":null}', '2016-02-14 19:24:20', '2016-02-17 20:48:39', '0082e7fe-e551-4b50-9a98-04a9eccf780d'),
 ('4', NULL, 'Text', 'text', 'matrixBlockType:1', '', '0', 'RichText', '{\"configFile\":\"\",\"cleanupHtml\":\"1\",\"purifyHtml\":\"\",\"columnType\":\"text\"}', '2016-02-14 19:24:21', '2016-02-17 20:48:39', '54efff60-eae0-42a1-a2a6-71643ef42e9b'),
 ('5', NULL, 'Quote', 'quote', 'matrixBlockType:2', '', '0', 'PlainText', '{\"placeholder\":\"\",\"maxLength\":\"\",\"multiline\":\"\",\"initialRows\":\"4\"}', '2016-02-14 19:24:21', '2016-02-17 20:48:39', 'cb63f55a-a925-4e6f-8430-751b04f9ccfa'),
 ('6', NULL, 'Cite', 'cite', 'matrixBlockType:2', '', '0', 'PlainText', '{\"placeholder\":\"\",\"maxLength\":\"\",\"multiline\":\"\",\"initialRows\":\"4\"}', '2016-02-14 19:24:21', '2016-02-17 20:48:39', '663bb225-550b-407a-840c-305a083d4173'),
 ('7', NULL, 'Image', 'image', 'matrixBlockType:3', '', '0', 'Assets', '{\"useSingleFolder\":\"\",\"sources\":\"*\",\"defaultUploadLocationSource\":\"1\",\"defaultUploadLocationSubpath\":\"\",\"singleUploadLocationSource\":\"1\",\"singleUploadLocationSubpath\":\"\",\"restrictFiles\":\"\",\"limit\":\"\",\"viewMode\":\"list\",\"selectionLabel\":\"\"}', '2016-02-14 19:24:37', '2016-02-17 20:48:39', '3a65c0ae-87bf-46a6-b6e0-5e3bef8b9390'),
 ('8', '1', 'Category Body', 'categoryBody', 'global', '', '0', 'Matrix', '{\"maxBlocks\":null}', '2016-02-14 19:25:04', '2016-02-14 19:25:04', 'cfc369d2-3409-4856-8d79-5bb325898c19'),
 ('9', NULL, 'Text', 'text', 'matrixBlockType:4', '', '0', 'PlainText', '{\"placeholder\":\"\",\"maxLength\":\"\",\"multiline\":\"\",\"initialRows\":\"4\"}', '2016-02-14 19:25:04', '2016-02-14 19:25:04', '5554637e-9d4a-477b-a272-f9316098fa2c'),
 ('10', NULL, 'Text', 'text', 'matrixBlockType:5', '', '0', 'PlainText', '{\"placeholder\":\"\",\"maxLength\":\"\",\"multiline\":\"\",\"initialRows\":\"4\"}', '2016-02-14 19:25:04', '2016-02-14 19:25:04', '61193a67-0661-47f3-9f4c-e3cfa6cbf45d'),
 ('11', NULL, 'Destination', 'destination', 'matrixBlockType:5', '', '0', 'PlainText', '{\"placeholder\":\"\",\"maxLength\":\"\",\"multiline\":\"\",\"initialRows\":\"4\"}', '2016-02-14 19:25:04', '2016-02-14 19:25:04', '2fde5141-f7b7-46f1-a8a5-2d8f20328aab'),
 ('12', '1', 'Header Image', 'headerImage', 'global', '', '0', 'Assets', '{\"useSingleFolder\":\"\",\"sources\":\"*\",\"defaultUploadLocationSource\":\"1\",\"defaultUploadLocationSubpath\":\"\",\"singleUploadLocationSource\":\"1\",\"singleUploadLocationSubpath\":\"\",\"restrictFiles\":\"\",\"limit\":\"\",\"viewMode\":\"list\",\"selectionLabel\":\"\"}', '2016-02-17 20:33:53', '2016-02-17 20:33:53', '26536629-40c4-4afb-9a3a-e5aabad4176b'),
 ('13', '1', 'Subject', 'subject', 'global', '', '0', 'Categories', '{\"source\":\"group:1\",\"limit\":\"\",\"selectionLabel\":\"\"}', '2016-02-17 20:36:10', '2016-02-17 20:36:10', 'c618a0a8-7ac6-4ebf-a1d6-9f858c56b6ea'),
 ('14', '1', 'Topic', 'topic', 'global', '', '0', 'Categories', '{\"source\":\"group:1\",\"limit\":\"\",\"selectionLabel\":\"\"}', '2016-02-17 20:36:15', '2016-02-17 20:36:15', '8743f7d0-745d-4bc9-acb3-edc61194081c'),
 ('15', NULL, 'Heading', 'heading', 'matrixBlockType:6', '', '0', 'PlainText', '{\"placeholder\":\"\",\"maxLength\":\"\",\"multiline\":\"\",\"initialRows\":\"4\"}', '2016-02-17 20:48:39', '2016-02-17 20:48:39', '5c04ac57-bfdd-49e0-a20c-928afa561cad'),
 ('16', '1', 'Summary', 'summary', 'global', '', '0', 'PlainText', '{\"placeholder\":\"\",\"maxLength\":\"\",\"multiline\":\"\",\"initialRows\":\"4\"}', '2016-02-19 15:30:28', '2016-02-19 15:30:28', 'ab4150d6-cfda-418e-a59b-ab5198c84ce8');



DROP TABLE IF EXISTS `craft_globalsets`;


--
-- Schema for table `craft_globalsets`
--
CREATE TABLE `craft_globalsets` (
  `id` int(11) NOT NULL,
  `name` varchar(255) COLLATE utf8_unicode_ci NOT NULL,
  `handle` varchar(255) COLLATE utf8_unicode_ci NOT NULL,
  `fieldLayoutId` int(10) DEFAULT NULL,
  `dateCreated` datetime NOT NULL,
  `dateUpdated` datetime NOT NULL,
  `uid` char(36) COLLATE utf8_unicode_ci NOT NULL DEFAULT '0',
  PRIMARY KEY (`id`),
  UNIQUE KEY `craft_globalsets_name_unq_idx` (`name`),
  UNIQUE KEY `craft_globalsets_handle_unq_idx` (`handle`),
  KEY `craft_globalsets_fieldLayoutId_fk` (`fieldLayoutId`)
) ENGINE=InnoDB DEFAULT CHARSET=utf8 COLLATE=utf8_unicode_ci;

DROP TABLE IF EXISTS `craft_info`;


--
-- Schema for table `craft_info`
--
CREATE TABLE `craft_info` (
  `id` int(11) NOT NULL AUTO_INCREMENT,
  `version` varchar(15) COLLATE utf8_unicode_ci NOT NULL,
  `build` int(11) unsigned NOT NULL,
  `schemaVersion` varchar(15) COLLATE utf8_unicode_ci NOT NULL,
  `releaseDate` datetime NOT NULL,
  `edition` tinyint(1) unsigned NOT NULL DEFAULT '0',
  `siteName` varchar(100) COLLATE utf8_unicode_ci NOT NULL,
  `siteUrl` varchar(255) COLLATE utf8_unicode_ci NOT NULL,
  `timezone` varchar(30) COLLATE utf8_unicode_ci DEFAULT NULL,
  `on` tinyint(1) unsigned NOT NULL DEFAULT '0',
  `maintenance` tinyint(1) unsigned NOT NULL DEFAULT '0',
  `track` varchar(40) COLLATE utf8_unicode_ci NOT NULL,
  `dateCreated` datetime NOT NULL,
  `dateUpdated` datetime NOT NULL,
  `uid` char(36) COLLATE utf8_unicode_ci NOT NULL DEFAULT '0',
  PRIMARY KEY (`id`)
) ENGINE=InnoDB AUTO_INCREMENT=2 DEFAULT CHARSET=utf8 COLLATE=utf8_unicode_ci;

--
-- Data for table `craft_info`
--

INSERT INTO `craft_info` (`id`, `version`, `build`, `schemaVersion`, `releaseDate`, `edition`, `siteName`, `siteUrl`, `timezone`, `on`, `maintenance`, `track`, `dateCreated`, `dateUpdated`, `uid`) VALUES
 ('1', '2.5', '2762', '2.5.11', '2016-02-10 00:31:50', '2', 'Gibson Learn', 'http://gibsonlearn.dev', 'UTC', '1', '1', 'stable', '2016-02-12 18:56:02', '2016-03-09 17:07:07', '4ef5873d-5d3f-40b8-a99c-31c74694bb69');



DROP TABLE IF EXISTS `craft_locales`;


--
-- Schema for table `craft_locales`
--
CREATE TABLE `craft_locales` (
  `locale` char(12) COLLATE utf8_unicode_ci NOT NULL,
  `sortOrder` tinyint(4) DEFAULT NULL,
  `dateCreated` datetime NOT NULL,
  `dateUpdated` datetime NOT NULL,
  `uid` char(36) COLLATE utf8_unicode_ci NOT NULL DEFAULT '0',
  PRIMARY KEY (`locale`),
  KEY `craft_locales_sortOrder_idx` (`sortOrder`)
) ENGINE=InnoDB DEFAULT CHARSET=utf8 COLLATE=utf8_unicode_ci;

--
-- Data for table `craft_locales`
--

INSERT INTO `craft_locales` (`locale`, `sortOrder`, `dateCreated`, `dateUpdated`, `uid`) VALUES
 ('en_gb', '1', '2016-02-12 18:56:02', '2016-02-12 18:56:02', '898df482-8716-4a20-b3b8-417a693eb700');



DROP TABLE IF EXISTS `craft_matrixblocks`;


--
-- Schema for table `craft_matrixblocks`
--
CREATE TABLE `craft_matrixblocks` (
  `id` int(11) NOT NULL,
  `ownerId` int(11) NOT NULL,
  `fieldId` int(11) NOT NULL,
  `typeId` int(11) DEFAULT NULL,
  `sortOrder` tinyint(4) DEFAULT NULL,
  `ownerLocale` char(12) COLLATE utf8_unicode_ci DEFAULT NULL,
  `dateCreated` datetime NOT NULL,
  `dateUpdated` datetime NOT NULL,
  `uid` char(36) COLLATE utf8_unicode_ci NOT NULL DEFAULT '0',
  PRIMARY KEY (`id`),
  KEY `craft_matrixblocks_ownerId_idx` (`ownerId`),
  KEY `craft_matrixblocks_fieldId_idx` (`fieldId`),
  KEY `craft_matrixblocks_typeId_idx` (`typeId`),
  KEY `craft_matrixblocks_sortOrder_idx` (`sortOrder`),
  KEY `craft_matrixblocks_ownerLocale_fk` (`ownerLocale`)
) ENGINE=InnoDB DEFAULT CHARSET=utf8 COLLATE=utf8_unicode_ci;

--
-- Data for table `craft_matrixblocks`
--

INSERT INTO `craft_matrixblocks` (`id`, `ownerId`, `fieldId`, `typeId`, `sortOrder`, `ownerLocale`, `dateCreated`, `dateUpdated`, `uid`) VALUES
 ('4', '3', '8', '4', '1', NULL, '2016-02-14 19:26:24', '2016-02-14 19:47:18', '5ea3a8df-b1f8-4e45-b6e2-5e90a1f1fd72'),
 ('6', '3', '8', '5', '2', NULL, '2016-02-14 19:47:18', '2016-02-14 19:47:18', 'ca8f2b00-55c0-4ee5-8691-7dc5ed9dd9a8'),
 ('10', '9', '3', '1', '1', NULL, '2016-02-17 20:45:50', '2016-03-01 20:59:59', '4e7b0bb7-044a-41f9-a829-7e9476a03b16'),
 ('13', '12', '3', '1', '1', NULL, '2016-03-03 20:37:16', '2016-03-03 20:37:16', '4b1d0b28-6953-40b7-9716-54409dcd2a6c');



DROP TABLE IF EXISTS `craft_matrixblocktypes`;


--
-- Schema for table `craft_matrixblocktypes`
--
CREATE TABLE `craft_matrixblocktypes` (
  `id` int(11) NOT NULL AUTO_INCREMENT,
  `fieldId` int(11) NOT NULL,
  `fieldLayoutId` int(11) DEFAULT NULL,
  `name` varchar(255) COLLATE utf8_unicode_ci NOT NULL,
  `handle` varchar(255) COLLATE utf8_unicode_ci NOT NULL,
  `sortOrder` tinyint(4) DEFAULT NULL,
  `dateCreated` datetime NOT NULL,
  `dateUpdated` datetime NOT NULL,
  `uid` char(36) COLLATE utf8_unicode_ci NOT NULL DEFAULT '0',
  PRIMARY KEY (`id`),
  UNIQUE KEY `craft_matrixblocktypes_name_fieldId_unq_idx` (`name`,`fieldId`),
  UNIQUE KEY `craft_matrixblocktypes_handle_fieldId_unq_idx` (`handle`,`fieldId`),
  KEY `craft_matrixblocktypes_fieldId_fk` (`fieldId`),
  KEY `craft_matrixblocktypes_fieldLayoutId_fk` (`fieldLayoutId`)
) ENGINE=InnoDB AUTO_INCREMENT=7 DEFAULT CHARSET=utf8 COLLATE=utf8_unicode_ci;

--
-- Data for table `craft_matrixblocktypes`
--

INSERT INTO `craft_matrixblocktypes` (`id`, `fieldId`, `fieldLayoutId`, `name`, `handle`, `sortOrder`, `dateCreated`, `dateUpdated`, `uid`) VALUES
 ('1', '3', '21', 'Text', 'text', '1', '2016-02-14 19:24:21', '2016-02-17 20:48:39', 'cadf2d75-e1ff-4bcc-9973-368c96c1c53d'),
 ('2', '3', '23', 'Quote', 'quote', '3', '2016-02-14 19:24:21', '2016-02-17 20:48:39', '05fa6167-9cda-4383-a589-9cb1e4fa0dbc'),
 ('3', '3', '22', 'Image', 'image', '2', '2016-02-14 19:24:37', '2016-02-17 20:48:39', '72c35021-ef1a-4a1d-9b1a-74894d4e9045'),
 ('4', '8', '10', 'Text', 'text', '1', '2016-02-14 19:25:04', '2016-02-14 19:25:04', '1ee1bca1-da5e-4e58-91b8-9c673707d898'),
 ('5', '8', '11', 'Button', 'button', '2', '2016-02-14 19:25:04', '2016-02-14 19:25:04', '75a4b970-97cd-47e4-bb39-32b98d33a617'),
 ('6', '3', '24', 'Heading', 'heading', '4', '2016-02-17 20:48:39', '2016-02-17 20:48:39', 'ee3529f3-d6e1-4371-ae97-99e6dc0e0824');



DROP TABLE IF EXISTS `craft_matrixcontent_articlebody`;


--
-- Schema for table `craft_matrixcontent_articlebody`
--
CREATE TABLE `craft_matrixcontent_articlebody` (
  `id` int(11) NOT NULL AUTO_INCREMENT,
  `elementId` int(11) NOT NULL,
  `locale` char(12) COLLATE utf8_unicode_ci NOT NULL,
  `field_text_text` text COLLATE utf8_unicode_ci,
  `field_quote_quote` text COLLATE utf8_unicode_ci,
  `field_quote_cite` text COLLATE utf8_unicode_ci,
  `field_heading_heading` text COLLATE utf8_unicode_ci,
  `dateCreated` datetime NOT NULL,
  `dateUpdated` datetime NOT NULL,
  `uid` char(36) COLLATE utf8_unicode_ci NOT NULL DEFAULT '0',
  PRIMARY KEY (`id`),
  UNIQUE KEY `craft_matrixcontent_articlebody_elementId_locale_unq_idx` (`elementId`,`locale`),
  KEY `craft_matrixcontent_articlebody_locale_fk` (`locale`)
) ENGINE=InnoDB AUTO_INCREMENT=3 DEFAULT CHARSET=utf8 COLLATE=utf8_unicode_ci;

--
-- Data for table `craft_matrixcontent_articlebody`
--

INSERT INTO `craft_matrixcontent_articlebody` (`id`, `elementId`, `locale`, `field_text_text`, `field_quote_quote`, `field_quote_cite`, `field_heading_heading`, `dateCreated`, `dateUpdated`, `uid`) VALUES
 ('1', '10', 'en_gb', '<h1>This is a test.</h1><h3>Small heading</h3><ul><li>Test</li><li>Test</li><li>Test 3</li></ul>', NULL, NULL, NULL, '2016-02-17 20:45:50', '2016-03-01 20:59:59', 'ded4d846-f145-4450-aa02-a73281cee767'),
 ('2', '13', 'en_gb', '<p>asdasddas</p><h2>This is a test</h2><p>asdoijasiodjawdijosaiosaisudhaisudhiasduh</p><h3>This is a test</h3><p>asdijasdiuhasdiuh</p><p><br></p>', NULL, NULL, NULL, '2016-03-03 20:37:16', '2016-03-03 20:37:16', '9faf074c-f6d9-4f2b-8548-39c0062bd8fc');



DROP TABLE IF EXISTS `craft_matrixcontent_categorybody`;


--
-- Schema for table `craft_matrixcontent_categorybody`
--
CREATE TABLE `craft_matrixcontent_categorybody` (
  `id` int(11) NOT NULL AUTO_INCREMENT,
  `elementId` int(11) NOT NULL,
  `locale` char(12) COLLATE utf8_unicode_ci NOT NULL,
  `field_text_text` text COLLATE utf8_unicode_ci,
  `field_button_text` text COLLATE utf8_unicode_ci,
  `field_button_destination` text COLLATE utf8_unicode_ci,
  `dateCreated` datetime NOT NULL,
  `dateUpdated` datetime NOT NULL,
  `uid` char(36) COLLATE utf8_unicode_ci NOT NULL DEFAULT '0',
  PRIMARY KEY (`id`),
  UNIQUE KEY `craft_matrixcontent_categorybody_elementId_locale_unq_idx` (`elementId`,`locale`),
  KEY `craft_matrixcontent_categorybody_locale_fk` (`locale`)
) ENGINE=InnoDB AUTO_INCREMENT=3 DEFAULT CHARSET=utf8 COLLATE=utf8_unicode_ci;

--
-- Data for table `craft_matrixcontent_categorybody`
--

INSERT INTO `craft_matrixcontent_categorybody` (`id`, `elementId`, `locale`, `field_text_text`, `field_button_text`, `field_button_destination`, `dateCreated`, `dateUpdated`, `uid`) VALUES
 ('1', '4', 'en_gb', 'This is a test.', NULL, NULL, '2016-02-14 19:26:24', '2016-02-14 19:47:18', '9495d364-6da3-4a0f-a2dc-6fb95bfd922e'),
 ('2', '6', 'en_gb', NULL, 'Brainscape Cards', 'google.com', '2016-02-14 19:47:18', '2016-02-14 19:47:18', '13dcf120-8097-4927-841d-b946df947f4d');



DROP TABLE IF EXISTS `craft_migrations`;


--
-- Schema for table `craft_migrations`
--
CREATE TABLE `craft_migrations` (
  `id` int(11) NOT NULL AUTO_INCREMENT,
  `pluginId` int(11) DEFAULT NULL,
  `version` varchar(255) COLLATE utf8_unicode_ci NOT NULL,
  `applyTime` datetime NOT NULL,
  `dateCreated` datetime NOT NULL,
  `dateUpdated` datetime NOT NULL,
  `uid` char(36) COLLATE utf8_unicode_ci NOT NULL DEFAULT '0',
  PRIMARY KEY (`id`),
  UNIQUE KEY `craft_migrations_version_unq_idx` (`version`),
  KEY `craft_migrations_pluginId_fk` (`pluginId`)
) ENGINE=InnoDB AUTO_INCREMENT=27 DEFAULT CHARSET=utf8 COLLATE=utf8_unicode_ci;

--
-- Data for table `craft_migrations`
--

INSERT INTO `craft_migrations` (`id`, `pluginId`, `version`, `applyTime`, `dateCreated`, `dateUpdated`, `uid`) VALUES
 ('1', NULL, 'm000000_000000_base', '2016-02-12 18:56:02', '2016-02-12 18:56:02', '2016-02-12 18:56:02', '8a3980e4-52ee-4c0f-983a-d9163227d523'),
 ('2', NULL, 'm140730_000001_add_filename_and_format_to_transformindex', '2016-02-12 18:56:02', '2016-02-12 18:56:02', '2016-02-12 18:56:02', '663540ea-07cf-4f3d-9492-aa5ad970800a'),
 ('3', NULL, 'm140815_000001_add_format_to_transforms', '2016-02-12 18:56:02', '2016-02-12 18:56:02', '2016-02-12 18:56:02', '1eab0dbd-9fa0-4e62-925e-8decc2eb52ea'),
 ('4', NULL, 'm140822_000001_allow_more_than_128_items_per_field', '2016-02-12 18:56:02', '2016-02-12 18:56:02', '2016-02-12 18:56:02', '5ddec6c2-84a8-4f43-b2f8-9a260418c04f'),
 ('5', NULL, 'm140829_000001_single_title_formats', '2016-02-12 18:56:02', '2016-02-12 18:56:02', '2016-02-12 18:56:02', '00eee368-61b7-4fe3-9ae4-fbeeadea30d6'),
 ('6', NULL, 'm140831_000001_extended_cache_keys', '2016-02-12 18:56:02', '2016-02-12 18:56:02', '2016-02-12 18:56:02', 'befbd573-1998-4f2c-b090-e1066e946945'),
 ('7', NULL, 'm140922_000001_delete_orphaned_matrix_blocks', '2016-02-12 18:56:02', '2016-02-12 18:56:02', '2016-02-12 18:56:02', 'a5a3310c-bdf9-4ef9-b1ea-2c28c74cfdc8'),
 ('8', NULL, 'm141008_000001_elements_index_tune', '2016-02-12 18:56:02', '2016-02-12 18:56:02', '2016-02-12 18:56:02', 'aaa95d6a-13c0-4c39-ad02-fec7e8a2a280'),
 ('9', NULL, 'm141009_000001_assets_source_handle', '2016-02-12 18:56:02', '2016-02-12 18:56:02', '2016-02-12 18:56:02', '7d037bfa-f275-4c75-9303-3399cb5b10c5'),
 ('10', NULL, 'm141024_000001_field_layout_tabs', '2016-02-12 18:56:02', '2016-02-12 18:56:02', '2016-02-12 18:56:02', '81abf433-3d98-4af5-9628-acc19e59979a'),
 ('11', NULL, 'm141030_000000_plugin_schema_versions', '2016-02-12 18:56:02', '2016-02-12 18:56:02', '2016-02-12 18:56:02', 'fa240241-fab5-4e42-bd6a-6fb1cc6dad26'),
 ('12', NULL, 'm141030_000001_drop_structure_move_permission', '2016-02-12 18:56:02', '2016-02-12 18:56:02', '2016-02-12 18:56:02', '17b7517a-af5e-46e8-b847-7e6c616d1826'),
 ('13', NULL, 'm141103_000001_tag_titles', '2016-02-12 18:56:02', '2016-02-12 18:56:02', '2016-02-12 18:56:02', 'ac64788f-adfc-4321-a383-1a3f14d07b96'),
 ('14', NULL, 'm141109_000001_user_status_shuffle', '2016-02-12 18:56:02', '2016-02-12 18:56:02', '2016-02-12 18:56:02', 'b6497e26-008b-4a47-b9df-eb16a85dbede'),
 ('15', NULL, 'm141126_000001_user_week_start_day', '2016-02-12 18:56:02', '2016-02-12 18:56:02', '2016-02-12 18:56:02', 'b0fe4a4f-e344-4e84-b4ee-a2509fa0e33b'),
 ('16', NULL, 'm150210_000001_adjust_user_photo_size', '2016-02-12 18:56:02', '2016-02-12 18:56:02', '2016-02-12 18:56:02', '51581dfb-c087-4cb1-b231-3c267dbba1ee'),
 ('17', NULL, 'm150724_000001_adjust_quality_settings', '2016-02-12 18:56:02', '2016-02-12 18:56:02', '2016-02-12 18:56:02', '22bfaf05-e022-4948-9f25-232931790470'),
 ('18', NULL, 'm150827_000000_element_index_settings', '2016-02-12 18:56:02', '2016-02-12 18:56:02', '2016-02-12 18:56:02', 'cb596ece-726e-4af1-b5be-131255a5b14c'),
 ('19', NULL, 'm150918_000001_add_colspan_to_widgets', '2016-02-12 18:56:02', '2016-02-12 18:56:02', '2016-02-12 18:56:02', '148bb3a7-0d59-4647-8422-19925c39c83b'),
 ('20', NULL, 'm151007_000000_clear_asset_caches', '2016-02-12 18:56:02', '2016-02-12 18:56:02', '2016-02-12 18:56:02', '9ef52511-d206-42d1-9506-e6461657cda6'),
 ('21', NULL, 'm151109_000000_text_url_formats', '2016-02-12 18:56:02', '2016-02-12 18:56:02', '2016-02-12 18:56:02', '93f57b83-abf8-42fa-8f38-c0419c12ef53'),
 ('22', NULL, 'm151110_000000_move_logo', '2016-02-12 18:56:02', '2016-02-12 18:56:02', '2016-02-12 18:56:02', '0e7837a0-35c1-48ea-9cf1-abe8837795c3'),
 ('23', NULL, 'm151117_000000_adjust_image_widthheight', '2016-02-12 18:56:02', '2016-02-12 18:56:02', '2016-02-12 18:56:02', '11919998-5624-4201-bf21-61934e121077'),
 ('24', NULL, 'm151127_000000_clear_license_key_status', '2016-02-12 18:56:02', '2016-02-12 18:56:02', '2016-02-12 18:56:02', 'fee940c2-d744-4e9c-bc36-214d0c8bdc12'),
 ('25', NULL, 'm151127_000000_plugin_license_keys', '2016-02-12 18:56:02', '2016-02-12 18:56:02', '2016-02-12 18:56:02', '823554be-69b9-49e4-be9c-bba0fca86bc7'),
 ('26', NULL, 'm151130_000000_update_pt_widget_feeds', '2016-02-12 18:56:02', '2016-02-12 18:56:02', '2016-02-12 18:56:02', '7850f9ce-9289-44e5-95e0-1e160d771387');



DROP TABLE IF EXISTS `craft_plugins`;


--
-- Schema for table `craft_plugins`
--
CREATE TABLE `craft_plugins` (
  `id` int(11) NOT NULL AUTO_INCREMENT,
  `class` varchar(150) COLLATE utf8_unicode_ci NOT NULL,
  `version` varchar(15) COLLATE utf8_unicode_ci NOT NULL,
  `schemaVersion` varchar(15) COLLATE utf8_unicode_ci DEFAULT NULL,
  `licenseKey` char(24) COLLATE utf8_unicode_ci DEFAULT NULL,
  `licenseKeyStatus` enum('valid','invalid','mismatched','unknown') COLLATE utf8_unicode_ci NOT NULL DEFAULT 'unknown',
  `enabled` tinyint(1) unsigned NOT NULL DEFAULT '0',
  `settings` text COLLATE utf8_unicode_ci,
  `installDate` datetime NOT NULL,
  `dateCreated` datetime NOT NULL,
  `dateUpdated` datetime NOT NULL,
  `uid` char(36) COLLATE utf8_unicode_ci NOT NULL DEFAULT '0',
  PRIMARY KEY (`id`)
) ENGINE=InnoDB DEFAULT CHARSET=utf8 COLLATE=utf8_unicode_ci;

DROP TABLE IF EXISTS `craft_rackspaceaccess`;


--
-- Schema for table `craft_rackspaceaccess`
--
CREATE TABLE `craft_rackspaceaccess` (
  `id` int(11) NOT NULL AUTO_INCREMENT,
  `connectionKey` varchar(255) COLLATE utf8_unicode_ci NOT NULL,
  `token` varchar(255) COLLATE utf8_unicode_ci NOT NULL,
  `storageUrl` varchar(255) COLLATE utf8_unicode_ci NOT NULL,
  `cdnUrl` varchar(255) COLLATE utf8_unicode_ci NOT NULL,
  `dateCreated` datetime NOT NULL,
  `dateUpdated` datetime NOT NULL,
  `uid` char(36) COLLATE utf8_unicode_ci NOT NULL DEFAULT '0',
  PRIMARY KEY (`id`),
  UNIQUE KEY `craft_rackspaceaccess_connectionKey_unq_idx` (`connectionKey`)
) ENGINE=InnoDB DEFAULT CHARSET=utf8 COLLATE=utf8_unicode_ci;

DROP TABLE IF EXISTS `craft_relations`;


--
-- Schema for table `craft_relations`
--
CREATE TABLE `craft_relations` (
  `id` int(11) NOT NULL AUTO_INCREMENT,
  `fieldId` int(11) NOT NULL,
  `sourceId` int(11) NOT NULL,
  `sourceLocale` char(12) COLLATE utf8_unicode_ci DEFAULT NULL,
  `targetId` int(11) NOT NULL,
  `sortOrder` smallint(6) DEFAULT NULL,
  `dateCreated` datetime NOT NULL,
  `dateUpdated` datetime NOT NULL,
  `uid` char(36) COLLATE utf8_unicode_ci NOT NULL DEFAULT '0',
  PRIMARY KEY (`id`),
  UNIQUE KEY `craft_relations_fieldId_sourceId_sourceLocale_targetId_unq_idx` (`fieldId`,`sourceId`,`sourceLocale`,`targetId`),
  KEY `craft_relations_sourceId_fk` (`sourceId`),
  KEY `craft_relations_sourceLocale_fk` (`sourceLocale`),
  KEY `craft_relations_targetId_fk` (`targetId`)
) ENGINE=InnoDB AUTO_INCREMENT=22 DEFAULT CHARSET=utf8 COLLATE=utf8_unicode_ci;

--
-- Data for table `craft_relations`
--

INSERT INTO `craft_relations` (`id`, `fieldId`, `sourceId`, `sourceLocale`, `targetId`, `sortOrder`, `dateCreated`, `dateUpdated`, `uid`) VALUES
 ('9', '13', '11', NULL, '3', '1', '2016-02-29 22:09:20', '2016-02-29 22:09:20', 'afc24b0b-b735-4d48-ab2f-3758eaa49717'),
 ('10', '14', '11', NULL, '3', '1', '2016-02-29 22:09:20', '2016-02-29 22:09:20', '278837f4-06af-431a-98c5-932a0071a641'),
 ('11', '14', '11', NULL, '5', '2', '2016-02-29 22:09:20', '2016-02-29 22:09:20', '4a0159a6-dd04-43df-887f-00aef477b827'),
 ('15', '12', '9', NULL, '7', '1', '2016-03-01 20:59:59', '2016-03-01 20:59:59', 'ac6b0cbf-5635-464d-8a17-70d36b751b65'),
 ('16', '13', '9', NULL, '3', '1', '2016-03-01 20:59:59', '2016-03-01 20:59:59', '8a7f648b-75d3-465f-96b3-a774899c15d5'),
 ('17', '14', '9', NULL, '3', '1', '2016-03-01 20:59:59', '2016-03-01 20:59:59', '08f4ad59-0bdd-4c0f-a7ca-010877746278'),
 ('18', '14', '9', NULL, '5', '2', '2016-03-01 20:59:59', '2016-03-01 20:59:59', 'b736f205-332a-486f-ac6f-cd284fe74734'),
 ('19', '13', '12', NULL, '3', '1', '2016-03-03 20:37:16', '2016-03-03 20:37:16', 'f8fe2b53-83bb-4e3c-9d02-78a527d68fe1'),
 ('20', '14', '12', NULL, '3', '1', '2016-03-03 20:37:16', '2016-03-03 20:37:16', '06170e71-36bc-463f-aed6-4ef62d7e5ea3'),
 ('21', '14', '12', NULL, '5', '2', '2016-03-03 20:37:16', '2016-03-03 20:37:16', '0b6f0d36-1eb5-4d48-9759-684d33661459');



DROP TABLE IF EXISTS `craft_routes`;


--
-- Schema for table `craft_routes`
--
CREATE TABLE `craft_routes` (
  `id` int(11) NOT NULL AUTO_INCREMENT,
  `locale` char(12) COLLATE utf8_unicode_ci DEFAULT NULL,
  `urlParts` varchar(255) COLLATE utf8_unicode_ci NOT NULL,
  `urlPattern` varchar(255) COLLATE utf8_unicode_ci NOT NULL,
  `template` varchar(255) COLLATE utf8_unicode_ci NOT NULL,
  `sortOrder` tinyint(4) DEFAULT NULL,
  `dateCreated` datetime NOT NULL,
  `dateUpdated` datetime NOT NULL,
  `uid` char(36) COLLATE utf8_unicode_ci NOT NULL DEFAULT '0',
  PRIMARY KEY (`id`),
  UNIQUE KEY `craft_routes_urlPattern_unq_idx` (`urlPattern`),
  KEY `craft_routes_locale_idx` (`locale`)
) ENGINE=InnoDB DEFAULT CHARSET=utf8 COLLATE=utf8_unicode_ci;

DROP TABLE IF EXISTS `craft_searchindex`;


--
-- Schema for table `craft_searchindex`
--
CREATE TABLE `craft_searchindex` (
  `elementId` int(11) NOT NULL,
  `attribute` varchar(25) COLLATE utf8_unicode_ci NOT NULL,
  `fieldId` int(11) NOT NULL,
  `locale` char(12) COLLATE utf8_unicode_ci NOT NULL,
  `keywords` text COLLATE utf8_unicode_ci NOT NULL,
  PRIMARY KEY (`elementId`,`attribute`,`fieldId`,`locale`),
  FULLTEXT KEY `craft_searchindex_keywords_idx` (`keywords`)
) ENGINE=MyISAM DEFAULT CHARSET=utf8 COLLATE=utf8_unicode_ci;

--
-- Data for table `craft_searchindex`
--

INSERT INTO `craft_searchindex` (`elementId`, `attribute`, `fieldId`, `locale`, `keywords`) VALUES
 ('1', 'username', '0', 'en_gb', ' jamesgibsonuk '),
 ('1', 'firstname', '0', 'en_gb', ''),
 ('1', 'lastname', '0', 'en_gb', ''),
 ('1', 'fullname', '0', 'en_gb', ''),
 ('1', 'email', '0', 'en_gb', ' james brunelweb com '),
 ('1', 'slug', '0', 'en_gb', ''),
 ('2', 'slug', '0', 'en_gb', ' homepage '),
 ('2', 'title', '0', 'en_gb', ' homepage '),
 ('2', 'field', '1', 'en_gb', ' this is a test what do you think '),
 ('3', 'field', '8', 'en_gb', ' this is a test google com brainscape cards '),
 ('3', 'slug', '0', 'en_gb', ' geography '),
 ('3', 'title', '0', 'en_gb', ' geography '),
 ('4', 'field', '9', 'en_gb', ' this is a test '),
 ('4', 'slug', '0', 'en_gb', ''),
 ('5', 'field', '8', 'en_gb', ''),
 ('5', 'slug', '0', 'en_gb', ' rebranding places '),
 ('5', 'title', '0', 'en_gb', ' rebranding places '),
 ('6', 'field', '10', 'en_gb', ' brainscape cards '),
 ('6', 'field', '11', 'en_gb', ' google com '),
 ('6', 'slug', '0', 'en_gb', ''),
 ('7', 'filename', '0', 'en_gb', ' 56859aba233e3b58337fe75d_9287370881_fa46df0a9a_o jpg '),
 ('7', 'extension', '0', 'en_gb', ' jpg '),
 ('7', 'kind', '0', 'en_gb', ' image '),
 ('7', 'slug', '0', 'en_gb', ''),
 ('7', 'title', '0', 'en_gb', ' 56859aba233e3b58337fe75d 9287370881 fa46df0a9a o '),
 ('8', 'field', '3', 'en_gb', ''),
 ('8', 'field', '12', 'en_gb', ''),
 ('8', 'slug', '0', 'en_gb', ' test '),
 ('8', 'title', '0', 'en_gb', ' test '),
 ('9', 'field', '3', 'en_gb', ' this is a test small headingtesttesttest 3 '),
 ('9', 'field', '12', 'en_gb', ' 56859aba233e3b58337fe75d 9287370881 fa46df0a9a o '),
 ('9', 'field', '13', 'en_gb', ' geography '),
 ('9', 'field', '14', 'en_gb', ' geography rebranding places '),
 ('9', 'slug', '0', 'en_gb', ' this is a test '),
 ('9', 'title', '0', 'en_gb', ' this is a test '),
 ('10', 'field', '4', 'en_gb', ' this is a test small headingtesttesttest 3 '),
 ('10', 'slug', '0', 'en_gb', ''),
 ('11', 'field', '3', 'en_gb', ''),
 ('11', 'field', '12', 'en_gb', ''),
 ('11', 'field', '13', 'en_gb', ' geography '),
 ('11', 'field', '14', 'en_gb', ' geography rebranding places '),
 ('11', 'field', '16', 'en_gb', ''),
 ('11', 'slug', '0', 'en_gb', ' welcome this is a test '),
 ('11', 'title', '0', 'en_gb', ' welcome this is a test '),
 ('12', 'field', '3', 'en_gb', ' asdasddasthis is a testasdoijasiodjawdijosaiosaisudhaisudhiasduhthis is a testasdijasdiuhasdiuh '),
 ('12', 'field', '12', 'en_gb', ''),
 ('12', 'field', '13', 'en_gb', ' geography '),
 ('12', 'field', '14', 'en_gb', ' geography rebranding places '),
 ('12', 'field', '16', 'en_gb', ''),
 ('12', 'slug', '0', 'en_gb', ' welcome this is a test 2 '),
 ('12', 'title', '0', 'en_gb', ' welcome this is a test 2 '),
 ('9', 'field', '16', 'en_gb', ''),
 ('13', 'field', '4', 'en_gb', ' asdasddasthis is a testasdoijasiodjawdijosaiosaisudhaisudhiasduhthis is a testasdijasdiuhasdiuh '),
 ('13', 'slug', '0', 'en_gb', '');



DROP TABLE IF EXISTS `craft_sections`;


--
-- Schema for table `craft_sections`
--
CREATE TABLE `craft_sections` (
  `id` int(11) NOT NULL AUTO_INCREMENT,
  `structureId` int(11) DEFAULT NULL,
  `name` varchar(255) COLLATE utf8_unicode_ci NOT NULL,
  `handle` varchar(255) COLLATE utf8_unicode_ci NOT NULL,
  `type` enum('single','channel','structure') COLLATE utf8_unicode_ci NOT NULL DEFAULT 'channel',
  `hasUrls` tinyint(1) unsigned NOT NULL DEFAULT '1',
  `template` varchar(500) COLLATE utf8_unicode_ci DEFAULT NULL,
  `enableVersioning` tinyint(1) unsigned NOT NULL DEFAULT '0',
  `dateCreated` datetime NOT NULL,
  `dateUpdated` datetime NOT NULL,
  `uid` char(36) COLLATE utf8_unicode_ci NOT NULL DEFAULT '0',
  PRIMARY KEY (`id`),
  UNIQUE KEY `craft_sections_name_unq_idx` (`name`),
  UNIQUE KEY `craft_sections_handle_unq_idx` (`handle`),
  KEY `craft_sections_structureId_fk` (`structureId`)
) ENGINE=InnoDB AUTO_INCREMENT=3 DEFAULT CHARSET=utf8 COLLATE=utf8_unicode_ci;

--
-- Data for table `craft_sections`
--

INSERT INTO `craft_sections` (`id`, `structureId`, `name`, `handle`, `type`, `hasUrls`, `template`, `enableVersioning`, `dateCreated`, `dateUpdated`, `uid`) VALUES
 ('1', NULL, 'Homepage', 'homepage', 'single', '1', 'index', '1', '2016-02-12 18:56:03', '2016-02-12 18:56:03', 'ab8bf0e7-8475-492f-93bc-90bb78ef7f25'),
 ('2', NULL, 'Articles', 'articles', 'channel', '1', 'articles', '1', '2016-02-14 19:29:41', '2016-02-17 20:26:25', 'f3e78140-9024-48a1-953a-8fb5aced3975');



DROP TABLE IF EXISTS `craft_sections_i18n`;


--
-- Schema for table `craft_sections_i18n`
--
CREATE TABLE `craft_sections_i18n` (
  `id` int(11) NOT NULL AUTO_INCREMENT,
  `sectionId` int(11) NOT NULL,
  `locale` char(12) COLLATE utf8_unicode_ci NOT NULL,
  `enabledByDefault` tinyint(1) unsigned NOT NULL DEFAULT '1',
  `urlFormat` text COLLATE utf8_unicode_ci,
  `nestedUrlFormat` text COLLATE utf8_unicode_ci,
  `dateCreated` datetime NOT NULL,
  `dateUpdated` datetime NOT NULL,
  `uid` char(36) COLLATE utf8_unicode_ci NOT NULL DEFAULT '0',
  PRIMARY KEY (`id`),
  UNIQUE KEY `craft_sections_i18n_sectionId_locale_unq_idx` (`sectionId`,`locale`),
  KEY `craft_sections_i18n_locale_fk` (`locale`)
) ENGINE=InnoDB AUTO_INCREMENT=3 DEFAULT CHARSET=utf8 COLLATE=utf8_unicode_ci;

--
-- Data for table `craft_sections_i18n`
--

INSERT INTO `craft_sections_i18n` (`id`, `sectionId`, `locale`, `enabledByDefault`, `urlFormat`, `nestedUrlFormat`, `dateCreated`, `dateUpdated`, `uid`) VALUES
 ('1', '1', 'en_gb', '1', '__home__', NULL, '2016-02-12 18:56:03', '2016-02-12 18:56:03', '95d572ed-239e-4a7b-af48-221ea2ee9eab'),
 ('2', '2', 'en_gb', '0', '{subject.last.uri}/{slug}', NULL, '2016-02-14 19:29:41', '2016-02-17 20:26:25', '43651b4b-6127-408c-a781-c22fdcc2b96e');



DROP TABLE IF EXISTS `craft_sessions`;


--
-- Schema for table `craft_sessions`
--
CREATE TABLE `craft_sessions` (
  `id` int(11) NOT NULL AUTO_INCREMENT,
  `userId` int(11) NOT NULL,
  `token` char(100) COLLATE utf8_unicode_ci NOT NULL,
  `dateCreated` datetime NOT NULL,
  `dateUpdated` datetime NOT NULL,
  `uid` char(36) COLLATE utf8_unicode_ci NOT NULL DEFAULT '0',
  PRIMARY KEY (`id`),
  KEY `craft_sessions_uid_idx` (`uid`),
  KEY `craft_sessions_token_idx` (`token`),
  KEY `craft_sessions_dateUpdated_idx` (`dateUpdated`),
  KEY `craft_sessions_userId_fk` (`userId`)
) ENGINE=InnoDB AUTO_INCREMENT=9 DEFAULT CHARSET=utf8 COLLATE=utf8_unicode_ci;

DROP TABLE IF EXISTS `craft_shunnedmessages`;


--
-- Schema for table `craft_shunnedmessages`
--
CREATE TABLE `craft_shunnedmessages` (
  `id` int(11) NOT NULL AUTO_INCREMENT,
  `userId` int(11) NOT NULL,
  `message` varchar(255) COLLATE utf8_unicode_ci NOT NULL,
  `expiryDate` datetime DEFAULT NULL,
  `dateCreated` datetime NOT NULL,
  `dateUpdated` datetime NOT NULL,
  `uid` char(36) COLLATE utf8_unicode_ci NOT NULL DEFAULT '0',
  PRIMARY KEY (`id`),
  UNIQUE KEY `craft_shunnedmessages_userId_message_unq_idx` (`userId`,`message`)
) ENGINE=InnoDB DEFAULT CHARSET=utf8 COLLATE=utf8_unicode_ci;

DROP TABLE IF EXISTS `craft_structureelements`;


--
-- Schema for table `craft_structureelements`
--
CREATE TABLE `craft_structureelements` (
  `id` int(11) NOT NULL AUTO_INCREMENT,
  `structureId` int(11) NOT NULL,
  `elementId` int(11) DEFAULT NULL,
  `root` int(11) unsigned DEFAULT NULL,
  `lft` int(11) unsigned NOT NULL,
  `rgt` int(11) unsigned NOT NULL,
  `level` smallint(6) unsigned NOT NULL,
  `dateCreated` datetime NOT NULL,
  `dateUpdated` datetime NOT NULL,
  `uid` char(36) COLLATE utf8_unicode_ci NOT NULL DEFAULT '0',
  PRIMARY KEY (`id`),
  UNIQUE KEY `craft_structureelements_structureId_elementId_unq_idx` (`structureId`,`elementId`),
  KEY `craft_structureelements_root_idx` (`root`),
  KEY `craft_structureelements_lft_idx` (`lft`),
  KEY `craft_structureelements_rgt_idx` (`rgt`),
  KEY `craft_structureelements_level_idx` (`level`),
  KEY `craft_structureelements_elementId_fk` (`elementId`)
) ENGINE=InnoDB AUTO_INCREMENT=4 DEFAULT CHARSET=utf8 COLLATE=utf8_unicode_ci;

--
-- Data for table `craft_structureelements`
--

INSERT INTO `craft_structureelements` (`id`, `structureId`, `elementId`, `root`, `lft`, `rgt`, `level`, `dateCreated`, `dateUpdated`, `uid`) VALUES
 ('1', '1', NULL, '1', '1', '6', '0', '2016-02-14 19:26:24', '2016-02-14 19:26:24', '32df32da-c29d-4bc1-9b83-4a1dde90c919'),
 ('2', '1', '3', '1', '2', '5', '1', '2016-02-14 19:26:24', '2016-02-14 19:26:24', 'd8afe4ca-6aeb-4fde-ade5-e7c75f2429f7'),
 ('3', '1', '5', '1', '3', '4', '2', '2016-02-14 19:30:09', '2016-02-14 19:30:09', 'd4eb89a2-6983-4c34-8600-7a286356badc');



DROP TABLE IF EXISTS `craft_structures`;


--
-- Schema for table `craft_structures`
--
CREATE TABLE `craft_structures` (
  `id` int(11) NOT NULL AUTO_INCREMENT,
  `maxLevels` smallint(6) unsigned DEFAULT NULL,
  `dateCreated` datetime NOT NULL,
  `dateUpdated` datetime NOT NULL,
  `uid` char(36) COLLATE utf8_unicode_ci NOT NULL DEFAULT '0',
  PRIMARY KEY (`id`)
) ENGINE=InnoDB AUTO_INCREMENT=2 DEFAULT CHARSET=utf8 COLLATE=utf8_unicode_ci;

--
-- Data for table `craft_structures`
--

INSERT INTO `craft_structures` (`id`, `maxLevels`, `dateCreated`, `dateUpdated`, `uid`) VALUES
 ('1', NULL, '2016-02-14 19:26:07', '2016-02-14 19:26:07', 'f73efdaa-5087-47de-a20a-77e888facb06');



DROP TABLE IF EXISTS `craft_systemsettings`;


--
-- Schema for table `craft_systemsettings`
--
CREATE TABLE `craft_systemsettings` (
  `id` int(11) NOT NULL AUTO_INCREMENT,
  `category` varchar(15) COLLATE utf8_unicode_ci NOT NULL,
  `settings` text COLLATE utf8_unicode_ci,
  `dateCreated` datetime NOT NULL,
  `dateUpdated` datetime NOT NULL,
  `uid` char(36) COLLATE utf8_unicode_ci NOT NULL DEFAULT '0',
  PRIMARY KEY (`id`),
  UNIQUE KEY `craft_systemsettings_category_unq_idx` (`category`)
) ENGINE=InnoDB AUTO_INCREMENT=2 DEFAULT CHARSET=utf8 COLLATE=utf8_unicode_ci;

--
-- Data for table `craft_systemsettings`
--

INSERT INTO `craft_systemsettings` (`id`, `category`, `settings`, `dateCreated`, `dateUpdated`, `uid`) VALUES
 ('1', 'email', '{\"protocol\":\"php\",\"emailAddress\":\"james@brunelweb.com\",\"senderName\":\"Gibson Learn\"}', '2016-02-12 18:56:03', '2016-02-12 18:56:03', 'c554d1ba-e9b0-4c45-8681-c8577fdfd361');



DROP TABLE IF EXISTS `craft_taggroups`;


--
-- Schema for table `craft_taggroups`
--
CREATE TABLE `craft_taggroups` (
  `id` int(11) NOT NULL AUTO_INCREMENT,
  `name` varchar(255) COLLATE utf8_unicode_ci NOT NULL,
  `handle` varchar(255) COLLATE utf8_unicode_ci NOT NULL,
  `fieldLayoutId` int(10) DEFAULT NULL,
  `dateCreated` datetime NOT NULL,
  `dateUpdated` datetime NOT NULL,
  `uid` char(36) COLLATE utf8_unicode_ci NOT NULL DEFAULT '0',
  PRIMARY KEY (`id`),
  UNIQUE KEY `craft_taggroups_name_unq_idx` (`name`),
  UNIQUE KEY `craft_taggroups_handle_unq_idx` (`handle`),
  KEY `craft_taggroups_fieldLayoutId_fk` (`fieldLayoutId`)
) ENGINE=InnoDB AUTO_INCREMENT=2 DEFAULT CHARSET=utf8 COLLATE=utf8_unicode_ci;

--
-- Data for table `craft_taggroups`
--

INSERT INTO `craft_taggroups` (`id`, `name`, `handle`, `fieldLayoutId`, `dateCreated`, `dateUpdated`, `uid`) VALUES
 ('1', 'Default', 'default', '1', '2016-02-12 18:56:03', '2016-02-12 18:56:03', 'cc9a7bda-e8d1-42c6-a458-9849f299ddf3');



DROP TABLE IF EXISTS `craft_tags`;


--
-- Schema for table `craft_tags`
--
CREATE TABLE `craft_tags` (
  `id` int(11) NOT NULL,
  `groupId` int(11) NOT NULL,
  `dateCreated` datetime NOT NULL,
  `dateUpdated` datetime NOT NULL,
  `uid` char(36) COLLATE utf8_unicode_ci NOT NULL DEFAULT '0',
  PRIMARY KEY (`id`),
  KEY `craft_tags_groupId_fk` (`groupId`)
) ENGINE=InnoDB DEFAULT CHARSET=utf8 COLLATE=utf8_unicode_ci;

DROP TABLE IF EXISTS `craft_tasks`;


--
-- Schema for table `craft_tasks`
--
CREATE TABLE `craft_tasks` (
  `id` int(11) NOT NULL AUTO_INCREMENT,
  `root` int(11) unsigned DEFAULT NULL,
  `lft` int(11) unsigned NOT NULL,
  `rgt` int(11) unsigned NOT NULL,
  `level` smallint(6) unsigned NOT NULL,
  `currentStep` int(11) unsigned DEFAULT NULL,
  `totalSteps` int(11) unsigned DEFAULT NULL,
  `status` enum('pending','error','running') COLLATE utf8_unicode_ci DEFAULT NULL,
  `type` varchar(150) COLLATE utf8_unicode_ci NOT NULL,
  `description` varchar(255) COLLATE utf8_unicode_ci DEFAULT NULL,
  `settings` text COLLATE utf8_unicode_ci,
  `dateCreated` datetime NOT NULL,
  `dateUpdated` datetime NOT NULL,
  `uid` char(36) COLLATE utf8_unicode_ci NOT NULL DEFAULT '0',
  PRIMARY KEY (`id`),
  KEY `craft_tasks_root_idx` (`root`),
  KEY `craft_tasks_lft_idx` (`lft`),
  KEY `craft_tasks_rgt_idx` (`rgt`),
  KEY `craft_tasks_level_idx` (`level`)
) ENGINE=InnoDB DEFAULT CHARSET=utf8 COLLATE=utf8_unicode_ci;

DROP TABLE IF EXISTS `craft_templatecachecriteria`;


--
-- Schema for table `craft_templatecachecriteria`
--
CREATE TABLE `craft_templatecachecriteria` (
  `id` int(11) NOT NULL AUTO_INCREMENT,
  `cacheId` int(11) NOT NULL,
  `type` varchar(150) COLLATE utf8_unicode_ci NOT NULL,
  `criteria` text COLLATE utf8_unicode_ci NOT NULL,
  PRIMARY KEY (`id`),
  KEY `craft_templatecachecriteria_cacheId_fk` (`cacheId`),
  KEY `craft_templatecachecriteria_type_idx` (`type`)
) ENGINE=InnoDB DEFAULT CHARSET=utf8 COLLATE=utf8_unicode_ci;

DROP TABLE IF EXISTS `craft_templatecacheelements`;


--
-- Schema for table `craft_templatecacheelements`
--
CREATE TABLE `craft_templatecacheelements` (
  `cacheId` int(11) NOT NULL,
  `elementId` int(11) NOT NULL,
  KEY `craft_templatecacheelements_cacheId_fk` (`cacheId`),
  KEY `craft_templatecacheelements_elementId_fk` (`elementId`)
) ENGINE=InnoDB DEFAULT CHARSET=utf8 COLLATE=utf8_unicode_ci;

DROP TABLE IF EXISTS `craft_templatecaches`;


--
-- Schema for table `craft_templatecaches`
--
CREATE TABLE `craft_templatecaches` (
  `id` int(11) NOT NULL AUTO_INCREMENT,
  `cacheKey` varchar(255) COLLATE utf8_unicode_ci NOT NULL,
  `locale` char(12) COLLATE utf8_unicode_ci NOT NULL,
  `path` varchar(255) COLLATE utf8_unicode_ci DEFAULT NULL,
  `expiryDate` datetime NOT NULL,
  `body` mediumtext COLLATE utf8_unicode_ci NOT NULL,
  PRIMARY KEY (`id`),
  KEY `craft_templatecaches_expiryDate_cacheKey_locale_path_idx` (`expiryDate`,`cacheKey`,`locale`,`path`),
  KEY `craft_templatecaches_locale_fk` (`locale`)
) ENGINE=InnoDB DEFAULT CHARSET=utf8 COLLATE=utf8_unicode_ci;

DROP TABLE IF EXISTS `craft_tokens`;


--
-- Schema for table `craft_tokens`
--
CREATE TABLE `craft_tokens` (
  `id` int(11) NOT NULL AUTO_INCREMENT,
  `token` char(32) COLLATE utf8_unicode_ci NOT NULL,
  `route` text COLLATE utf8_unicode_ci,
  `usageLimit` tinyint(3) unsigned DEFAULT NULL,
  `usageCount` tinyint(3) unsigned DEFAULT NULL,
  `expiryDate` datetime NOT NULL,
  `dateCreated` datetime NOT NULL,
  `dateUpdated` datetime NOT NULL,
  `uid` char(36) COLLATE utf8_unicode_ci NOT NULL DEFAULT '0',
  PRIMARY KEY (`id`),
  UNIQUE KEY `craft_tokens_token_unq_idx` (`token`),
  KEY `craft_tokens_expiryDate_idx` (`expiryDate`)
) ENGINE=InnoDB DEFAULT CHARSET=utf8 COLLATE=utf8_unicode_ci;

DROP TABLE IF EXISTS `craft_usergroups`;


--
-- Schema for table `craft_usergroups`
--
CREATE TABLE `craft_usergroups` (
  `id` int(11) NOT NULL AUTO_INCREMENT,
  `name` varchar(255) COLLATE utf8_unicode_ci NOT NULL,
  `handle` varchar(255) COLLATE utf8_unicode_ci NOT NULL,
  `dateCreated` datetime NOT NULL,
  `dateUpdated` datetime NOT NULL,
  `uid` char(36) COLLATE utf8_unicode_ci NOT NULL DEFAULT '0',
  PRIMARY KEY (`id`)
) ENGINE=InnoDB DEFAULT CHARSET=utf8 COLLATE=utf8_unicode_ci;

DROP TABLE IF EXISTS `craft_usergroups_users`;


--
-- Schema for table `craft_usergroups_users`
--
CREATE TABLE `craft_usergroups_users` (
  `id` int(11) NOT NULL AUTO_INCREMENT,
  `groupId` int(11) NOT NULL,
  `userId` int(11) NOT NULL,
  `dateCreated` datetime NOT NULL,
  `dateUpdated` datetime NOT NULL,
  `uid` char(36) COLLATE utf8_unicode_ci NOT NULL DEFAULT '0',
  PRIMARY KEY (`id`),
  UNIQUE KEY `craft_usergroups_users_groupId_userId_unq_idx` (`groupId`,`userId`),
  KEY `craft_usergroups_users_userId_fk` (`userId`)
) ENGINE=InnoDB DEFAULT CHARSET=utf8 COLLATE=utf8_unicode_ci;

DROP TABLE IF EXISTS `craft_userpermissions`;


--
-- Schema for table `craft_userpermissions`
--
CREATE TABLE `craft_userpermissions` (
  `id` int(11) NOT NULL AUTO_INCREMENT,
  `name` varchar(255) COLLATE utf8_unicode_ci NOT NULL,
  `dateCreated` datetime NOT NULL,
  `dateUpdated` datetime NOT NULL,
  `uid` char(36) COLLATE utf8_unicode_ci NOT NULL DEFAULT '0',
  PRIMARY KEY (`id`),
  UNIQUE KEY `craft_userpermissions_name_unq_idx` (`name`)
) ENGINE=InnoDB DEFAULT CHARSET=utf8 COLLATE=utf8_unicode_ci;

DROP TABLE IF EXISTS `craft_userpermissions_usergroups`;


--
-- Schema for table `craft_userpermissions_usergroups`
--
CREATE TABLE `craft_userpermissions_usergroups` (
  `id` int(11) NOT NULL AUTO_INCREMENT,
  `permissionId` int(11) NOT NULL,
  `groupId` int(11) NOT NULL,
  `dateCreated` datetime NOT NULL,
  `dateUpdated` datetime NOT NULL,
  `uid` char(36) COLLATE utf8_unicode_ci NOT NULL DEFAULT '0',
  PRIMARY KEY (`id`),
  UNIQUE KEY `craft_userpermissions_usergroups_permissionId_groupId_unq_idx` (`permissionId`,`groupId`),
  KEY `craft_userpermissions_usergroups_groupId_fk` (`groupId`)
) ENGINE=InnoDB DEFAULT CHARSET=utf8 COLLATE=utf8_unicode_ci;

DROP TABLE IF EXISTS `craft_userpermissions_users`;


--
-- Schema for table `craft_userpermissions_users`
--
CREATE TABLE `craft_userpermissions_users` (
  `id` int(11) NOT NULL AUTO_INCREMENT,
  `permissionId` int(11) NOT NULL,
  `userId` int(11) NOT NULL,
  `dateCreated` datetime NOT NULL,
  `dateUpdated` datetime NOT NULL,
  `uid` char(36) COLLATE utf8_unicode_ci NOT NULL DEFAULT '0',
  PRIMARY KEY (`id`),
  UNIQUE KEY `craft_userpermissions_users_permissionId_userId_unq_idx` (`permissionId`,`userId`),
  KEY `craft_userpermissions_users_userId_fk` (`userId`)
) ENGINE=InnoDB DEFAULT CHARSET=utf8 COLLATE=utf8_unicode_ci;

DROP TABLE IF EXISTS `craft_users`;


--
-- Schema for table `craft_users`
--
CREATE TABLE `craft_users` (
  `id` int(11) NOT NULL,
  `username` varchar(100) COLLATE utf8_unicode_ci NOT NULL,
  `photo` varchar(100) COLLATE utf8_unicode_ci DEFAULT NULL,
  `firstName` varchar(100) COLLATE utf8_unicode_ci DEFAULT NULL,
  `lastName` varchar(100) COLLATE utf8_unicode_ci DEFAULT NULL,
  `email` varchar(255) COLLATE utf8_unicode_ci NOT NULL,
  `password` char(255) COLLATE utf8_unicode_ci DEFAULT NULL,
  `preferredLocale` char(12) COLLATE utf8_unicode_ci DEFAULT NULL,
  `weekStartDay` tinyint(1) unsigned NOT NULL DEFAULT '0',
  `admin` tinyint(1) unsigned NOT NULL DEFAULT '0',
  `client` tinyint(1) unsigned NOT NULL DEFAULT '0',
  `locked` tinyint(1) unsigned NOT NULL DEFAULT '0',
  `suspended` tinyint(1) unsigned NOT NULL DEFAULT '0',
  `pending` tinyint(1) unsigned NOT NULL DEFAULT '0',
  `archived` tinyint(1) unsigned NOT NULL DEFAULT '0',
  `lastLoginDate` datetime DEFAULT NULL,
  `lastLoginAttemptIPAddress` varchar(45) COLLATE utf8_unicode_ci DEFAULT NULL,
  `invalidLoginWindowStart` datetime DEFAULT NULL,
  `invalidLoginCount` tinyint(4) unsigned DEFAULT NULL,
  `lastInvalidLoginDate` datetime DEFAULT NULL,
  `lockoutDate` datetime DEFAULT NULL,
  `verificationCode` char(100) COLLATE utf8_unicode_ci DEFAULT NULL,
  `verificationCodeIssuedDate` datetime DEFAULT NULL,
  `unverifiedEmail` varchar(255) COLLATE utf8_unicode_ci DEFAULT NULL,
  `passwordResetRequired` tinyint(1) unsigned NOT NULL DEFAULT '0',
  `lastPasswordChangeDate` datetime DEFAULT NULL,
  `dateCreated` datetime NOT NULL,
  `dateUpdated` datetime NOT NULL,
  `uid` char(36) COLLATE utf8_unicode_ci NOT NULL DEFAULT '0',
  PRIMARY KEY (`id`),
  UNIQUE KEY `craft_users_username_unq_idx` (`username`),
  UNIQUE KEY `craft_users_email_unq_idx` (`email`),
  KEY `craft_users_verificationCode_idx` (`verificationCode`),
  KEY `craft_users_uid_idx` (`uid`),
  KEY `craft_users_preferredLocale_fk` (`preferredLocale`)
) ENGINE=InnoDB DEFAULT CHARSET=utf8 COLLATE=utf8_unicode_ci;

--
-- Data for table `craft_users`
--

INSERT INTO `craft_users` (`id`, `username`, `photo`, `firstName`, `lastName`, `email`, `password`, `preferredLocale`, `weekStartDay`, `admin`, `client`, `locked`, `suspended`, `pending`, `archived`, `lastLoginDate`, `lastLoginAttemptIPAddress`, `invalidLoginWindowStart`, `invalidLoginCount`, `lastInvalidLoginDate`, `lockoutDate`, `verificationCode`, `verificationCodeIssuedDate`, `unverifiedEmail`, `passwordResetRequired`, `lastPasswordChangeDate`, `dateCreated`, `dateUpdated`, `uid`) VALUES
 ('1', 'JamesGibsonUK', NULL, NULL, NULL, 'james@brunelweb.com', '$2y$13$Gv64JqqHvbJMyfsTqaQlaehiMM5glZ1kTYl9ChhIyrLckCnmXHwvS', NULL, '0', '1', '0', '0', '0', '0', '0', '2016-03-09 17:06:40', '192.168.10.1', NULL, NULL, NULL, NULL, NULL, NULL, NULL, '0', '2016-02-12 18:56:02', '2016-02-12 18:56:02', '2016-03-09 17:06:40', 'ae85e778-18c1-4b19-8228-c4d932057254');



DROP TABLE IF EXISTS `craft_widgets`;


--
-- Schema for table `craft_widgets`
--
CREATE TABLE `craft_widgets` (
  `id` int(11) NOT NULL AUTO_INCREMENT,
  `userId` int(11) NOT NULL,
  `type` varchar(150) COLLATE utf8_unicode_ci NOT NULL,
  `sortOrder` tinyint(4) DEFAULT NULL,
  `colspan` tinyint(4) unsigned DEFAULT NULL,
  `settings` text COLLATE utf8_unicode_ci,
  `enabled` tinyint(1) unsigned NOT NULL DEFAULT '1',
  `dateCreated` datetime NOT NULL,
  `dateUpdated` datetime NOT NULL,
  `uid` char(36) COLLATE utf8_unicode_ci NOT NULL DEFAULT '0',
  PRIMARY KEY (`id`),
  KEY `craft_widgets_userId_fk` (`userId`)
) ENGINE=InnoDB AUTO_INCREMENT=5 DEFAULT CHARSET=utf8 COLLATE=utf8_unicode_ci;

--
-- Data for table `craft_widgets`
--

INSERT INTO `craft_widgets` (`id`, `userId`, `type`, `sortOrder`, `colspan`, `settings`, `enabled`, `dateCreated`, `dateUpdated`, `uid`) VALUES
 ('1', '1', 'RecentEntries', '1', NULL, NULL, '1', '2016-02-12 18:58:55', '2016-02-12 18:58:55', '571b4e6d-68dd-4158-9a0a-ed009194a5e7'),
 ('2', '1', 'GetHelp', '2', NULL, NULL, '1', '2016-02-12 18:58:55', '2016-02-12 18:58:55', '50fa2687-c997-4de8-ba3d-77fe9d7299d6'),
 ('3', '1', 'Updates', '3', NULL, NULL, '1', '2016-02-12 18:58:55', '2016-02-12 18:58:55', '51f30927-0dc8-4b72-af8d-4fe586c178d8'),
 ('4', '1', 'Feed', '4', NULL, '{\"url\":\"https:\\/\\/craftcms.com\\/news.rss\",\"title\":\"Craft News\"}', '1', '2016-02-12 18:58:55', '2016-02-12 18:58:55', '21f6a488-c2d7-4288-b967-03c63d598f45');


--
-- Constraints for tables
--


--
-- Constraints for table `craft_assetfiles`
--
ALTER TABLE `craft_assetfiles`
	ADD CONSTRAINT `craft_assetfiles_folderId_fk` FOREIGN KEY (`folderId`) REFERENCES `craft_assetfolders` (`id`) ON DELETE CASCADE,
	ADD CONSTRAINT `craft_assetfiles_id_fk` FOREIGN KEY (`id`) REFERENCES `craft_elements` (`id`) ON DELETE CASCADE,
	ADD CONSTRAINT `craft_assetfiles_sourceId_fk` FOREIGN KEY (`sourceId`) REFERENCES `craft_assetsources` (`id`) ON DELETE CASCADE;

--
-- Constraints for table `craft_assetfolders`
--
ALTER TABLE `craft_assetfolders`
	ADD CONSTRAINT `craft_assetfolders_parentId_fk` FOREIGN KEY (`parentId`) REFERENCES `craft_assetfolders` (`id`) ON DELETE CASCADE,
	ADD CONSTRAINT `craft_assetfolders_sourceId_fk` FOREIGN KEY (`sourceId`) REFERENCES `craft_assetsources` (`id`) ON DELETE CASCADE;

--
-- Constraints for table `craft_assetindexdata`
--
ALTER TABLE `craft_assetindexdata`
	ADD CONSTRAINT `craft_assetindexdata_sourceId_fk` FOREIGN KEY (`sourceId`) REFERENCES `craft_assetsources` (`id`) ON DELETE CASCADE;

--
-- Constraints for table `craft_assetsources`
--
ALTER TABLE `craft_assetsources`
	ADD CONSTRAINT `craft_assetsources_fieldLayoutId_fk` FOREIGN KEY (`fieldLayoutId`) REFERENCES `craft_fieldlayouts` (`id`) ON DELETE SET NULL;

--
-- Constraints for table `craft_categories`
--
ALTER TABLE `craft_categories`
	ADD CONSTRAINT `craft_categories_groupId_fk` FOREIGN KEY (`groupId`) REFERENCES `craft_categorygroups` (`id`) ON DELETE CASCADE,
	ADD CONSTRAINT `craft_categories_id_fk` FOREIGN KEY (`id`) REFERENCES `craft_elements` (`id`) ON DELETE CASCADE;

--
-- Constraints for table `craft_categorygroups`
--
ALTER TABLE `craft_categorygroups`
	ADD CONSTRAINT `craft_categorygroups_fieldLayoutId_fk` FOREIGN KEY (`fieldLayoutId`) REFERENCES `craft_fieldlayouts` (`id`) ON DELETE SET NULL,
	ADD CONSTRAINT `craft_categorygroups_structureId_fk` FOREIGN KEY (`structureId`) REFERENCES `craft_structures` (`id`) ON DELETE CASCADE;

--
-- Constraints for table `craft_categorygroups_i18n`
--
ALTER TABLE `craft_categorygroups_i18n`
	ADD CONSTRAINT `craft_categorygroups_i18n_groupId_fk` FOREIGN KEY (`groupId`) REFERENCES `craft_categorygroups` (`id`) ON DELETE CASCADE,
	ADD CONSTRAINT `craft_categorygroups_i18n_locale_fk` FOREIGN KEY (`locale`) REFERENCES `craft_locales` (`locale`) ON DELETE CASCADE ON UPDATE CASCADE;

--
-- Constraints for table `craft_content`
--
ALTER TABLE `craft_content`
	ADD CONSTRAINT `craft_content_elementId_fk` FOREIGN KEY (`elementId`) REFERENCES `craft_elements` (`id`) ON DELETE CASCADE,
	ADD CONSTRAINT `craft_content_locale_fk` FOREIGN KEY (`locale`) REFERENCES `craft_locales` (`locale`) ON DELETE CASCADE ON UPDATE CASCADE;

--
-- Constraints for table `craft_elements_i18n`
--
ALTER TABLE `craft_elements_i18n`
	ADD CONSTRAINT `craft_elements_i18n_elementId_fk` FOREIGN KEY (`elementId`) REFERENCES `craft_elements` (`id`) ON DELETE CASCADE,
	ADD CONSTRAINT `craft_elements_i18n_locale_fk` FOREIGN KEY (`locale`) REFERENCES `craft_locales` (`locale`) ON DELETE CASCADE ON UPDATE CASCADE;

--
-- Constraints for table `craft_emailmessages`
--
ALTER TABLE `craft_emailmessages`
	ADD CONSTRAINT `craft_emailmessages_locale_fk` FOREIGN KEY (`locale`) REFERENCES `craft_locales` (`locale`) ON DELETE CASCADE ON UPDATE CASCADE;

--
-- Constraints for table `craft_entries`
--
ALTER TABLE `craft_entries`
	ADD CONSTRAINT `craft_entries_authorId_fk` FOREIGN KEY (`authorId`) REFERENCES `craft_users` (`id`) ON DELETE CASCADE,
	ADD CONSTRAINT `craft_entries_id_fk` FOREIGN KEY (`id`) REFERENCES `craft_elements` (`id`) ON DELETE CASCADE,
	ADD CONSTRAINT `craft_entries_sectionId_fk` FOREIGN KEY (`sectionId`) REFERENCES `craft_sections` (`id`) ON DELETE CASCADE,
	ADD CONSTRAINT `craft_entries_typeId_fk` FOREIGN KEY (`typeId`) REFERENCES `craft_entrytypes` (`id`) ON DELETE CASCADE;

--
-- Constraints for table `craft_entrydrafts`
--
ALTER TABLE `craft_entrydrafts`
	ADD CONSTRAINT `craft_entrydrafts_creatorId_fk` FOREIGN KEY (`creatorId`) REFERENCES `craft_users` (`id`) ON DELETE CASCADE,
	ADD CONSTRAINT `craft_entrydrafts_entryId_fk` FOREIGN KEY (`entryId`) REFERENCES `craft_entries` (`id`) ON DELETE CASCADE,
	ADD CONSTRAINT `craft_entrydrafts_locale_fk` FOREIGN KEY (`locale`) REFERENCES `craft_locales` (`locale`) ON DELETE CASCADE ON UPDATE CASCADE,
	ADD CONSTRAINT `craft_entrydrafts_sectionId_fk` FOREIGN KEY (`sectionId`) REFERENCES `craft_sections` (`id`) ON DELETE CASCADE;

--
-- Constraints for table `craft_entrytypes`
--
ALTER TABLE `craft_entrytypes`
	ADD CONSTRAINT `craft_entrytypes_fieldLayoutId_fk` FOREIGN KEY (`fieldLayoutId`) REFERENCES `craft_fieldlayouts` (`id`) ON DELETE SET NULL,
	ADD CONSTRAINT `craft_entrytypes_sectionId_fk` FOREIGN KEY (`sectionId`) REFERENCES `craft_sections` (`id`) ON DELETE CASCADE;

--
-- Constraints for table `craft_entryversions`
--
ALTER TABLE `craft_entryversions`
	ADD CONSTRAINT `craft_entryversions_creatorId_fk` FOREIGN KEY (`creatorId`) REFERENCES `craft_users` (`id`) ON DELETE SET NULL,
	ADD CONSTRAINT `craft_entryversions_entryId_fk` FOREIGN KEY (`entryId`) REFERENCES `craft_entries` (`id`) ON DELETE CASCADE,
	ADD CONSTRAINT `craft_entryversions_locale_fk` FOREIGN KEY (`locale`) REFERENCES `craft_locales` (`locale`) ON DELETE CASCADE ON UPDATE CASCADE,
	ADD CONSTRAINT `craft_entryversions_sectionId_fk` FOREIGN KEY (`sectionId`) REFERENCES `craft_sections` (`id`) ON DELETE CASCADE;

--
-- Constraints for table `craft_fieldlayoutfields`
--
ALTER TABLE `craft_fieldlayoutfields`
	ADD CONSTRAINT `craft_fieldlayoutfields_fieldId_fk` FOREIGN KEY (`fieldId`) REFERENCES `craft_fields` (`id`) ON DELETE CASCADE,
	ADD CONSTRAINT `craft_fieldlayoutfields_layoutId_fk` FOREIGN KEY (`layoutId`) REFERENCES `craft_fieldlayouts` (`id`) ON DELETE CASCADE,
	ADD CONSTRAINT `craft_fieldlayoutfields_tabId_fk` FOREIGN KEY (`tabId`) REFERENCES `craft_fieldlayouttabs` (`id`) ON DELETE CASCADE;

--
-- Constraints for table `craft_fieldlayouttabs`
--
ALTER TABLE `craft_fieldlayouttabs`
	ADD CONSTRAINT `craft_fieldlayouttabs_layoutId_fk` FOREIGN KEY (`layoutId`) REFERENCES `craft_fieldlayouts` (`id`) ON DELETE CASCADE;

--
-- Constraints for table `craft_fields`
--
ALTER TABLE `craft_fields`
	ADD CONSTRAINT `craft_fields_groupId_fk` FOREIGN KEY (`groupId`) REFERENCES `craft_fieldgroups` (`id`) ON DELETE CASCADE;

--
-- Constraints for table `craft_globalsets`
--
ALTER TABLE `craft_globalsets`
	ADD CONSTRAINT `craft_globalsets_fieldLayoutId_fk` FOREIGN KEY (`fieldLayoutId`) REFERENCES `craft_fieldlayouts` (`id`) ON DELETE SET NULL,
	ADD CONSTRAINT `craft_globalsets_id_fk` FOREIGN KEY (`id`) REFERENCES `craft_elements` (`id`) ON DELETE CASCADE;

--
-- Constraints for table `craft_matrixblocks`
--
ALTER TABLE `craft_matrixblocks`
	ADD CONSTRAINT `craft_matrixblocks_fieldId_fk` FOREIGN KEY (`fieldId`) REFERENCES `craft_fields` (`id`) ON DELETE CASCADE,
	ADD CONSTRAINT `craft_matrixblocks_id_fk` FOREIGN KEY (`id`) REFERENCES `craft_elements` (`id`) ON DELETE CASCADE,
	ADD CONSTRAINT `craft_matrixblocks_ownerId_fk` FOREIGN KEY (`ownerId`) REFERENCES `craft_elements` (`id`) ON DELETE CASCADE,
	ADD CONSTRAINT `craft_matrixblocks_ownerLocale_fk` FOREIGN KEY (`ownerLocale`) REFERENCES `craft_locales` (`locale`) ON DELETE CASCADE ON UPDATE CASCADE,
	ADD CONSTRAINT `craft_matrixblocks_typeId_fk` FOREIGN KEY (`typeId`) REFERENCES `craft_matrixblocktypes` (`id`) ON DELETE CASCADE;

--
-- Constraints for table `craft_matrixblocktypes`
--
ALTER TABLE `craft_matrixblocktypes`
	ADD CONSTRAINT `craft_matrixblocktypes_fieldId_fk` FOREIGN KEY (`fieldId`) REFERENCES `craft_fields` (`id`) ON DELETE CASCADE,
	ADD CONSTRAINT `craft_matrixblocktypes_fieldLayoutId_fk` FOREIGN KEY (`fieldLayoutId`) REFERENCES `craft_fieldlayouts` (`id`) ON DELETE SET NULL;

--
-- Constraints for table `craft_matrixcontent_articlebody`
--
ALTER TABLE `craft_matrixcontent_articlebody`
	ADD CONSTRAINT `craft_matrixcontent_articlebody_elementId_fk` FOREIGN KEY (`elementId`) REFERENCES `craft_elements` (`id`) ON DELETE CASCADE,
	ADD CONSTRAINT `craft_matrixcontent_articlebody_locale_fk` FOREIGN KEY (`locale`) REFERENCES `craft_locales` (`locale`) ON DELETE CASCADE ON UPDATE CASCADE;

--
-- Constraints for table `craft_matrixcontent_categorybody`
--
ALTER TABLE `craft_matrixcontent_categorybody`
	ADD CONSTRAINT `craft_matrixcontent_categorybody_elementId_fk` FOREIGN KEY (`elementId`) REFERENCES `craft_elements` (`id`) ON DELETE CASCADE,
	ADD CONSTRAINT `craft_matrixcontent_categorybody_locale_fk` FOREIGN KEY (`locale`) REFERENCES `craft_locales` (`locale`) ON DELETE CASCADE ON UPDATE CASCADE;

--
-- Constraints for table `craft_migrations`
--
ALTER TABLE `craft_migrations`
	ADD CONSTRAINT `craft_migrations_pluginId_fk` FOREIGN KEY (`pluginId`) REFERENCES `craft_plugins` (`id`) ON DELETE CASCADE;

--
-- Constraints for table `craft_relations`
--
ALTER TABLE `craft_relations`
	ADD CONSTRAINT `craft_relations_fieldId_fk` FOREIGN KEY (`fieldId`) REFERENCES `craft_fields` (`id`) ON DELETE CASCADE,
	ADD CONSTRAINT `craft_relations_sourceId_fk` FOREIGN KEY (`sourceId`) REFERENCES `craft_elements` (`id`) ON DELETE CASCADE,
	ADD CONSTRAINT `craft_relations_sourceLocale_fk` FOREIGN KEY (`sourceLocale`) REFERENCES `craft_locales` (`locale`) ON DELETE CASCADE ON UPDATE CASCADE,
	ADD CONSTRAINT `craft_relations_targetId_fk` FOREIGN KEY (`targetId`) REFERENCES `craft_elements` (`id`) ON DELETE CASCADE;

--
-- Constraints for table `craft_routes`
--
ALTER TABLE `craft_routes`
	ADD CONSTRAINT `craft_routes_locale_fk` FOREIGN KEY (`locale`) REFERENCES `craft_locales` (`locale`) ON DELETE CASCADE ON UPDATE CASCADE;

--
-- Constraints for table `craft_sections`
--
ALTER TABLE `craft_sections`
	ADD CONSTRAINT `craft_sections_structureId_fk` FOREIGN KEY (`structureId`) REFERENCES `craft_structures` (`id`) ON DELETE SET NULL;

--
-- Constraints for table `craft_sections_i18n`
--
ALTER TABLE `craft_sections_i18n`
	ADD CONSTRAINT `craft_sections_i18n_locale_fk` FOREIGN KEY (`locale`) REFERENCES `craft_locales` (`locale`) ON DELETE CASCADE ON UPDATE CASCADE,
	ADD CONSTRAINT `craft_sections_i18n_sectionId_fk` FOREIGN KEY (`sectionId`) REFERENCES `craft_sections` (`id`) ON DELETE CASCADE;

--
-- Constraints for table `craft_sessions`
--
ALTER TABLE `craft_sessions`
	ADD CONSTRAINT `craft_sessions_userId_fk` FOREIGN KEY (`userId`) REFERENCES `craft_users` (`id`) ON DELETE CASCADE;

--
-- Constraints for table `craft_shunnedmessages`
--
ALTER TABLE `craft_shunnedmessages`
	ADD CONSTRAINT `craft_shunnedmessages_userId_fk` FOREIGN KEY (`userId`) REFERENCES `craft_users` (`id`) ON DELETE CASCADE;

--
-- Constraints for table `craft_structureelements`
--
ALTER TABLE `craft_structureelements`
	ADD CONSTRAINT `craft_structureelements_elementId_fk` FOREIGN KEY (`elementId`) REFERENCES `craft_elements` (`id`) ON DELETE CASCADE,
	ADD CONSTRAINT `craft_structureelements_structureId_fk` FOREIGN KEY (`structureId`) REFERENCES `craft_structures` (`id`) ON DELETE CASCADE;

--
-- Constraints for table `craft_taggroups`
--
ALTER TABLE `craft_taggroups`
	ADD CONSTRAINT `craft_taggroups_fieldLayoutId_fk` FOREIGN KEY (`fieldLayoutId`) REFERENCES `craft_fieldlayouts` (`id`) ON DELETE SET NULL;

--
-- Constraints for table `craft_tags`
--
ALTER TABLE `craft_tags`
	ADD CONSTRAINT `craft_tags_groupId_fk` FOREIGN KEY (`groupId`) REFERENCES `craft_taggroups` (`id`) ON DELETE CASCADE,
	ADD CONSTRAINT `craft_tags_id_fk` FOREIGN KEY (`id`) REFERENCES `craft_elements` (`id`) ON DELETE CASCADE;

--
-- Constraints for table `craft_templatecachecriteria`
--
ALTER TABLE `craft_templatecachecriteria`
	ADD CONSTRAINT `craft_templatecachecriteria_cacheId_fk` FOREIGN KEY (`cacheId`) REFERENCES `craft_templatecaches` (`id`) ON DELETE CASCADE;

--
-- Constraints for table `craft_templatecacheelements`
--
ALTER TABLE `craft_templatecacheelements`
	ADD CONSTRAINT `craft_templatecacheelements_cacheId_fk` FOREIGN KEY (`cacheId`) REFERENCES `craft_templatecaches` (`id`) ON DELETE CASCADE,
	ADD CONSTRAINT `craft_templatecacheelements_elementId_fk` FOREIGN KEY (`elementId`) REFERENCES `craft_elements` (`id`) ON DELETE CASCADE;

--
-- Constraints for table `craft_templatecaches`
--
ALTER TABLE `craft_templatecaches`
	ADD CONSTRAINT `craft_templatecaches_locale_fk` FOREIGN KEY (`locale`) REFERENCES `craft_locales` (`locale`) ON DELETE CASCADE ON UPDATE CASCADE;

--
-- Constraints for table `craft_usergroups_users`
--
ALTER TABLE `craft_usergroups_users`
	ADD CONSTRAINT `craft_usergroups_users_groupId_fk` FOREIGN KEY (`groupId`) REFERENCES `craft_usergroups` (`id`) ON DELETE CASCADE,
	ADD CONSTRAINT `craft_usergroups_users_userId_fk` FOREIGN KEY (`userId`) REFERENCES `craft_users` (`id`) ON DELETE CASCADE;

--
-- Constraints for table `craft_userpermissions_usergroups`
--
ALTER TABLE `craft_userpermissions_usergroups`
	ADD CONSTRAINT `craft_userpermissions_usergroups_groupId_fk` FOREIGN KEY (`groupId`) REFERENCES `craft_usergroups` (`id`) ON DELETE CASCADE,
	ADD CONSTRAINT `craft_userpermissions_usergroups_permissionId_fk` FOREIGN KEY (`permissionId`) REFERENCES `craft_userpermissions` (`id`) ON DELETE CASCADE;

--
-- Constraints for table `craft_userpermissions_users`
--
ALTER TABLE `craft_userpermissions_users`
	ADD CONSTRAINT `craft_userpermissions_users_permissionId_fk` FOREIGN KEY (`permissionId`) REFERENCES `craft_userpermissions` (`id`) ON DELETE CASCADE,
	ADD CONSTRAINT `craft_userpermissions_users_userId_fk` FOREIGN KEY (`userId`) REFERENCES `craft_users` (`id`) ON DELETE CASCADE;

--
-- Constraints for table `craft_users`
--
ALTER TABLE `craft_users`
	ADD CONSTRAINT `craft_users_id_fk` FOREIGN KEY (`id`) REFERENCES `craft_elements` (`id`) ON DELETE CASCADE,
	ADD CONSTRAINT `craft_users_preferredLocale_fk` FOREIGN KEY (`preferredLocale`) REFERENCES `craft_locales` (`locale`) ON DELETE SET NULL ON UPDATE CASCADE;

--
-- Constraints for table `craft_widgets`
--
ALTER TABLE `craft_widgets`
	ADD CONSTRAINT `craft_widgets_userId_fk` FOREIGN KEY (`userId`) REFERENCES `craft_users` (`id`) ON DELETE CASCADE;

SET FOREIGN_KEY_CHECKS = 1;
